title, equipment...
Not Your Nanas Corned Beef and Cabbage,Sous vide setup,Spice grinder,Sous vide bags,Blender,Fine-mesh sieve,Fine-tipped squeeze bottle(s),
,Spice grinder,Microplane,Sheet pan,Parchment paper,Rubber gloves,1012" bamboo skewers,Tweezers,Scissors,ISi whipping siphon or air compresser,Brush,Meat hooks,Wire rack (optional),Roasting pan,Blowtorch,
17 Foods You Didnt Know You Could Cook Sous Vide,Sous vide setup,
Perfect Salmon With Herb Oil and a Mushroom-Brussels Sprouts Salad,Sous vide setup,Ziplock-style bags,
Soft|comma| Airy Chinese Steamed Buns: Simplified,Digital scale,Digital thermometer,Stand mixer with dough hook,Whisk,Fine-mesh sieve,Rolling pin,Ring mold|comma| 3.5" diameter,Sheet pan,Parchment paper,Bamboo steamer,
Pork Belly Three Ways,
Stupidly Simple Sous Vide Pork Belly,Sous vide setup,Ziplock-style bag (1 gallon),Sous vide bags,Brush,
Crazy-Quick Pressure-Cooked Pork Belly,Pressure cooker|comma| 8 quart,
Super-Simple|comma| Oh-So-Tender Braised Pork Belly,Dutch oven with lid,
An Uber-Elegant Chilled Tuna Dish You Can Make at Home,Blender,Fine-mesh sieve,Disposable piping bag,Piping tip #6 (plain),Sous vide setup,Ziplock-style bag (1 gallon),Mandoline,
5 Common Misconceptions About Sous Vide Cooking,
,Sous vide setup,Blender,Fine-mesh sieve,Ziplock-style bags,Fine-tipped squeeze bottle(s),Whisk,Mandoline,
How to Make a Roux,Heavy-bottomed pot,Whisk,Baking sheet,
Family Meal: David Kinchs Killer Cajun Gumbo,Digital scale,Spice grinder,Whisk,2 heavy-bottomed pots,Spatula,
Bright-Red Barbecue-Chicken Sauce With Achiote,Blender,
Ultimate Chocolate Cake,3 Springform pans|comma| 9" (23 cm),Parchment paper,Whisk,Fine-mesh sieve,Stand mixer|comma| 4.5 qt / 4.25 L or larger,Sheet pan,Spatula,Cake turner (optional),Round cardboard cutout (optional),Disposable piping bag,Round piping tip (optional),Offset spatula,Icing comb (optional),
Homemade Hidden ValleyStyle Ranch Dressing,Blender,Fine-tipped squeeze bottle(s),Whisk,
Get Creative With Pixar-Style Ratatouille,Mandoline,Blender,Parchment paper,Round casserole pan,B (optional),
Tips & Tricks: Perfect Roasted Vegetables,
Sous Vide Steak,Sous vide setup,Ziplock-style bag (1 gallon),
Amazing Chewy Bagels From Scratch,Stand mixer with dough hook,Plastic wrap,Half-sheet pans,Parchment paper,Large pot,Wire rack,
,
Ryan & Jaci: A ChefSteps Love Story,
Sticky Toffee Pudding,Immersion blender,Stand mixer with paddle attachment,Springform pan|comma| 9" (23 cm),Parchment paper,Digital instant-read thermometer,
Three Awesome Canned Cranberry Sauce Hacks,
Cant-F***-It-Up Fried Chicken,Sous vide setup,Sous vide bags,Digital thermometer,Dutch oven or stock pot,Wire rack,Sheet pan,
Tylers Fantastic Fried Chicken Sandwich,Sous vide setup,Sous vide bags,Fine-tipped squeeze bottle(s),Wire rack,
Perfect-Every-Time Center-Cut Tenderloin Roast,Butchers twine,Sous vide setup,Large skillet,
Pistachio Macaron Cookie Base,Blender,Fine-mesh sieve,Digital scale,Stand mixer,Piping bag,Piping tip #6 (plain),Baking trays (2),Parchment paper,Silpats (2),
Smooth & Creamy American-Pistachio Butter,Blender,Conche,
Awesome Espresso Hack: How to Make Great Coffee With a Moka Pot,Digital scale,Moka pot,
An Espresso Martini That Doesnt Suck,Whipping siphon,N2O cartridges,Cocktail strainer,Cheesecloth,Coffee filter,Chemex|comma| or other pour-over brewer,
How to Make Bulletproof Fluffy Yeasted Donuts at Home,Whisk,Stand mixer,Ring molds,Half-sheet pans,Parchment paper,Large pot,Digital thermometer,Strainer,
Old-Fashioned Donuts,Stand mixer with paddle attachment,Ring molds,Digital thermometer,
Donut Glaze,Whisk,
Tips & Tricks: One Steak to Feed Them All,
Umami-Bomb Vegetarian Demi-Glace,Mandoline,Blender,Strainer,
Behind the Scenes: Deep-Fryer Frenzy,
Tips & Tricks: This Is Not a Latte,
Smokerless Smoked Pork Shoulder,Whisk,Syringe,Sheet pan,Sous vide setup,Brush,Sous vide bags,
Tips & Tricks: Control Flare-Ups for Better Grilled Meats,
Simple Fruit Crumble With Oatmeal Streusel Topping,
Tips & Tricks: Three Ways to Peel Garlic,
Tips & Tricks: Fizzy Fruit!,
Tips & Tricks: Get a Killer Crust on Grilled Meats,
Smokerless Smoked Chicken,Syringe,Brush,Digital instant-read thermometer,
Amazing Ribs With Meathead|comma| Part II: Exploring Indoor Barbecue,
Amazing Ribs With Meathead|comma| Part I: Traditional Barbecue Techniques,
Smokerless Smoked Brisket,Whisk,Syringe,Brush,Sous vide setup,Sous vide bags,
Tips & Tricks: Season Your Grill so Food Wont Stick,
Homemade Corn Dogs,Skewers,Digital instant-read thermometer,Whisk,Immersion blender,
Tips & Tricks: Freeze Fresh Herbs Into Flavor Nuggets,
Make Your Own Steak Knives!,
,
Behind the Scenes: Waffle Iron Frenzy!,
A Complete Guide to Sous Vide PackagingSafety|comma| Sustainability|comma| and Sourcing,
Easy|comma| Delicious Sous Vide Yogurt,Spatula,Digital instant-read thermometer,Sous vide setup,Canning jars,
Tips & Tricks: Toasting Buns on the Grill,
Tips & Tricks: Homemade Granita,
Tips & Tricks: Quick|comma| Easy Way to Shuck a Bunch of Oysters,
Tips & Tricks: Best Way to Shuck an Oyster,
Brining & Curing Fish,
,Sous vide setup,Microplane,Ziplock-style bag (1 gallon),
Dill-Brined Halibut With Farro Salad,Blender,Sous vide setup,Ziplock-style bag (1 gallon),
Crispy Whole Trout With Greens and Bacon,Sous vide setup,Ziplock-style bag (1 gallon),Mandoline,Dutch oven or stock pot,Digital instant-read thermometer,Splatter screen (optional),
Everything-Bagel Salmon,Sous vide setup,Digital scale,Disposable piping bag,Food processor,Ziplock-style bag (1 gallon),
Halibut and Thai Green Curry,Digital instant-read thermometer,Sous vide setup,Ziplock-style bag (1 gallon),Mandoline,
Worlds Best Fish Sticks,Food processor,Sous vide setup,Sous vide bags,Digital instant-read thermometer,Deep-fryer,
Tips & Tricks: Best Way to Truss a Chicken,
Soft Serve Ice Cream,Blender,Stand mixer with paddle attachment,Clean towel or bag,Disposable piping bag,
Tips & Tricks: Dry-Cure for Perfect Fish,
Aerated Green Apple Sorbet,Juicer,Blender,Whipping siphon,N2O cartridges,Wide-mouth canning jars,Chamber vacuum sealer,Liquid nitrogen (or dry ice) (optional),Heavy-duty spice grinder,
Apartment Ribs,Sous vide setup,Basting brush,
Honing,
Know Your Knife,
,
Shave a Friend!,
Warm Carrot Salad With Yogurt|comma| Cilantro|comma| and Mint,Microwave,
Tips & Tricks: Deep-Fried Glassy Nuts,
Macarons & Macaroons: Whats the Difference?,
Crispy Yeasted Waffles,Waffle iron,
Light & Fluffy Pancakes,Nonstick pan,
How to Pace a Multicourse Dinner,
Course 14: Garden Tea,French press,Gooseneck kettle,
Course 13: Black Forest Glen,Immersion blender,Sous vide bags,Chamber vacuum sealer,Acetate paper,Ring mold|comma| 3.5" diameter,Silicone baking mat,Sheet pan,Sous vide setup,Plastic disc and plastic container|comma| for cake stand,Hemisphere silicone mold,Blowtorch,Toothpicks,Chunk of styrofoam,Needle (optional),Fine-mesh sieve,Ice creammaking equipment of choice,Stand mixer with paddle attachment,
Course 12: Matcha Rice Pudding,Digital scale,Large pot,Whisk,Blender,Spatula,Fine-mesh sieve,Chamber vacuum sealer,Immersion blender,
Pancakes vs Waffles,
Course 11: Henna Egg,Digital scale,Blender,Whipping siphon,N2O cartridge,Sous vide setup,Spice grinder,Ziplock-style bags,
Course 10: Boeuf Bourguignon,
,Digital scale,Pressure cooker|comma| 8 quart,Juicer,Fine-mesh sieve,
Course 8: Chicken and Dumplings,Pressure cooker,Sieve #200 (75 m),Sieve #500 (25 m),Stand mixer with paddle attachment,Microplane,Digital scale,
Course 7: Fall Farmer,Digital scale,Pressure cooker|comma| 8 quart,Fine-mesh sieve,Blender,Coffee filter,Centrifuge,Juicer,Dropper,
Course 6: Water and Oil (Nicks Nasti Salad Soup),Digital scale,Blender,Fine-mesh sieve,Chamber vacuum sealer,
Course 5: The Bay,Fine-mesh sieve,Robot Coupe (optional),Small pot,Whisk,Digital scale,Blender,
Course 4: Farm and Garden (Savory Ice Cream Salad),Whisk,Large bowl,Stand mixer,Liquid nitrogen or dry ice (optional),
Course 3: The Field,Blender,Stand mixer,Spatula,Pastry bars (optional),Parchment paper,
Course 2: The Picnic,Food processor,Stand mixer with paddle attachment,Spray bottle,Brioche molds,
Course 1: The Park,High-precision digital scale,Wide-mouth canning jars,Fine-mesh sieve,Blender,Whipping siphon,2 N2O cartridges,Chamber vacuum sealer,Liquid nitrogen or dry ice (optional),
Tasting Menu: Spring,
Green Apple Relish,Strainer,Microplane,
Brie Cheese Fondue,Blender,Fine-mesh sieve,
Baby Root Vegetables,
Scallion Ash,Parchment paper,Baking tray,Spice grinder,
Rich and Tender Beef Tongue Fritters,Sous vide setup,Sous vide bags,Dutch oven or stock pot,Digital instant-read thermometer,
Beef Shank Two Ways,Sous vide setup,Sous vide bags,Medium saucepan,
Boeuf Bourguignon,Sous vide setup,Sous vide bags,Parchment paper,Spice grinder,Tea strainer or other fine-mesh strainer,
Carnitas Tacos With Mole,Immersion circulator,Sous vide bags,Pressure cooker|comma| 8 quart,Blender,
,Sous vide setup,Ziplock-style bag (1 gallon) x 2,Spice grinder,Deep-fryer,Digital thermometer,Baking tray,Paper towels,
Transforming Tough Cuts,
30-Minute Mole,Pressure cooker,Blender,Sieve #80 (180 m),
Family Meal: Korean Barbecue,
Japanese (Kewpie-Style) Mayo,Blender,
Making the Most of Your Microwave,
Quickest|comma| Easiest Way to Cook Vegetables,Microwave,
Tips & Tricks: The Best Way to Cook a Scallop,
Shopping Tips: How to Buy Fresh Scallops,
Tips for Soft and Chewy Gluten-Free Cookies,
,Blender,Stand mixer,Fine-mesh sieve,
Chocolate Chip Cookies,Stand mixer with paddle attachment,Wire rack,
Simple Tips for Homemade Ketchup,
Beet Risotto,Juicer,
Flavor-Packed Homemade Corned Beef with Nine-Day Brine,Spice grinder,Immersion blender,Vaccuum sealer,Sous vide bags,Sous vide setup,
One Reuben to Rule Them All,
Five Things You Need to Know About Sous Vide,
Tips & Tricks: Swap Cream With Onion Pure for Better|comma| Brighter Flavor,
Family Meal: ChefSteps-Style Biryani,
,
How to Make a Quick Pan Sauce,
The Bitter End Cocktail,Bucket glass,Shot glass,Lighter or matches,
Tips & Tricks: How to Mince a Shallot,
Homemade Honey-Glazed Ham,Immersion blender,Sous vide bags,
Community Tips on Home Roasting,
Coffee Rub,Coffee grinder,Digital scale,
Dark Matter,Conche,Coffee grinder,
Coffee Bitters,Coffee grinder,Coffee filter,
How to Taste,
Getting the Good Stuff,
Coffee Equipment Guide,
Buying Roasted Beans,
Tools for Cooking Sous Vide,
Black Pepper Souffl,Whisk,Ramekins,Spatula,
Rinsing Coffee Grounds,Coffee grinder,Large basket sieve,Fine-mesh sieve,Garden pitcher (optional),
400-Micron Ground Coffee,Coffee grinder,Bowl sieve,Paper towel,
Aeropress,Coffee grinder,Aeropress,Gooseneck kettle,Digital scale,Coffee filter,
Chemex & Other Pour-Overs,Chemex|comma| or other pour-over brewer,Coffee filter,Gooseneck kettle,Digital scale (coffee),
No-Press French Press,Coffee grinder,French press,Gooseneck kettle,Digital scale (coffee),Digital thermometer,
Better Control|comma| Better Coffee,
Standing Rib Roast,Butchers twine,Digital thermometer,Thermocouple probe,
A Map of Sous Vide Cooking,
Decoding Tough and Tender Cuts,
Pressure Cookers,
Pressure Cookers: The FAQ,
Crme Brle,Sous vide setup,Tea strainer or other fine-mesh strainer (optional),Wide-mouth canning jars,Blowtorch,
Crema Catalana,Digital thermometer,Fine-mesh sieve,Large pot,Sous vide bags,Blender,Wide-mouth canning jars,Blowtorch,
Flan (Crme Caramel),Sous vide setup,Candy thermometer (optional),Wide-mouth canning jars,Whisk,
Pot de Crme,Wide-mouth canning jars,Sous vide setup,
Pork Steaks,Sous vide setup,Sous vide bags,Chamber vacuum sealer,
Fat DuckInspired Ultimate Pork Belly,Sous vide setup,Sous vide bags,Digital scale,
Chicken Liver Pt,Chinois,Sous vide setup,Fine-mesh sieve,Blender,Wide-mouth canning jars,
Crispy Chicken With Broccoli Cheddar Sauce,Sous vide setup,Ziplock-style bag (1 gallon),Food processor,Pot,
Crispy Chicken Legs,Sous vide setup,Ziplock-style bag (1 gallon),Digital instant-read thermometer,Nonstick pan,
Broccoli Cheddar Sauce,Food processor,Pot,
The ChefSteps Turkey,
Turkey Roulade,Butchers twine,Plastic wrap,
,Chinois strainer,Immersion blender,Robot Coupe (optional),
Turkey Butchery,
Turkey Crown,Syringe,
Brining Poultry,Syringe,
Quick Guide: Thanksgiving Day,
Chicken Breast With Warm Mustard Potato Salad,Sous vide setup,Ziplock-style bag (1 gallon),Large pot,
Warm Mustard Potato Salad,
Sous Vide Chicken Breast,Sous vide setup,Ziplock-style bag (1 gallon),
The Four Basic Steps of Sous Vide Cooking,
Simple Sous Vide Steak With Red Wine Sauce,Digital instant-read thermometer,Large pot,Cooling rack (optional),Ziplock-style bag (1 gallon),
Smashed Potatoes,
Sous Vide Steak With Red Wine Sauce and Smashed Potatoes,Digital instant-read thermometer,Large pot (2),Cooling rack (optional),Ziplock-style bag (1 gallon),
Espresso Myths|comma| Debunked,
Cook Sous Vide Tonight: What Youll Need,
Salmon With Green Pea Mash,Sous vide setup,Ziplock-style bag (1 gallon),Digital instant-read thermometer,Large pot,Immersion blender,
Sous Vide Salmon,Sous vide setup,Ziplock-style bag (1 gallon),
Green Pea Mash,Pot,Immersion blender,
What Is Sous Vide?,
Why Cook Sous Vide?,
,
Pork Chops|comma| Carrots|comma| and Romesco,Sous vide setup,Digital instant-read thermometer,Ziplock-style bag (1 gallon),Microplane,Blender,
,Microplane,Blender,(or food processor),
Sous Vide Pork Chop,Sous vide setup,Ziplock-style bag (1 gallon),
,
Wall of Fire: A ChefSteps Story,
Espresso: Defined,
Latte Art,
Steaming Milk,
Ordering Espresso,
Pulling a Great Shot,
How to Buy Coffee,
The Espresso Recipe,
Basic Espresso Theory,
Books That Inspire: Plating,
,
Developing a Dish,
Microgreens Directory,
Harvesting & Using Microgreens,
Growing Microgreens,
The ChefSteps Custom Burger Guide,
Homemade Heinz-Style Ketchup,Blender,Fine-tipped squeeze bottle(s),
Red Onion Jam,Mandoline,
Au Jus Burger,Sous vide setup,Blender,Ziplock-style bag (1 gallon),
Melty Cheese Slices,Sous vide setup,Blender,Ring mold|comma| 4" diameter,
Beef Burger Patties,105 mm ring mold (optional),Sous vide setup,
Caramelized Onions,
Salmon 104 F,Digital scale,Fish pliers,Sous vide setup,Sous vide bags,Chamber vacuum sealer,Blender,Fine-mesh sieve,Vegetable peeler,Microplane,Whisk,Spice grinder,
Horseradish Cream,Digital scale,Vegetable peeler,Microplane,Sous vide bags,Chamber vacuum sealer,Fine-mesh sieve,Whisk,
Watercress Pure,Digital scale,Blender,Fine-mesh sieve,
Pickled Onions,Digital scale,Chamber vacuum sealer,
Salmon Mi-Cuit,Digital scale,Fish pliers,Sous vide setup,Sous vide bags,Chamber vacuum sealer,
Level Up: Sous Vide Presentation,Sous vide setup,Ziplock-style bag (1 gallon),
Grilling Geekery,
Starburst-Style Chewy Candy,Ziplock-style bag (1 gallon),Sous vide setup,Stand mixer,
Gummy "Bears",Silicone mold,Sauce gun,
Pte de Fruit,Thermometer,
Licorice,
Wine Gums,Silicone mold,Sauce gun,Ziplock-style bag (1 gallon),
Confectionery Geekery,
Kouign-Amann,Rolling pin,Cupcake pan,
,Stand mixer,Rolling pin,
The Egg Calculator,
Wood Selection Guide,
Barbecue Techniques,
Barbecue Geekery: Myth-Busting,
House Rub 01,
Fresh Orange Fluid Gel,Juicer,Whisk,Blender,Sieve #120 (125 m),Spatula,
Orange Creamsicle,Sous vide setup,High-precision digital scale,Whisk,Sous vide bags,Chamber vacuum sealer,Blender,Stand mixer with whisk attachment,Springform pan|comma| 9" (23 cm),Juicer,Sieve #120 (125 m),Spatula,Fine-tipped squeeze bottle(s),Whipping siphon|comma| 0.5 L,2 N2O cartridges,
Butternut Parfait,Digital scale,Blender,Spatula,Sieve #80 (180 m),2 Fine-tipped squeeze bottles,Sous vide bags,Chamber vacuum sealer,Disposable piping bag,Sieve #120 (125 m),Thermocouple thermometer,N2O cartridge,Whipping siphon|comma| 0.5 L,Sheet pan,Wire rack,Spice grinder,Sous vide setup,4 Clear glass serving cups,Microplane,
Buttermilk Fluid Gel,Blender,Sieve #120 (125 m),Spatula,Thermocouple thermometer,
The Science of Fluid Gels,
Endive Salad,Digital scale,Sous vide setup,Sous vide bags,Meat slicer (optional),Pressure cooker|comma| 8 quart,Sieve #200 (75 m),Sieve #500 (25 m),Mandoline,Immersion blender,Blender,Thermocouple thermometer,Baking tray,Sieve #120 (125 m),Spatula,KitchenAid food processor,
Soubise Fluid Gel,Pressure cooker|comma| 8 quart,Sieve #200 (75 m),Sieve #500 (25 m),Mandoline,Immersion blender,Blender,Thermocouple thermometer,Baking tray,Sieve #120 (125 m),Spatula,
Fluid Gels: A Culinary History,
Butternut Squash Pure,Blender,Chamber sealer packaging,Sieve #120 (125 m),
Pine Nut Pure,Blender,Spatula,Sieve #80 (180 m),
Pacific Northwest Clambake,Wheel Barrel,Shovels,Axes,12+ bundles of wood,4 more wheel barrels of wood stolen from the neighbors' beachhouse,More gathered wood,100 local grocery coupon papers,Gasoline,Gas-powered leaf-blower,Rain boots,Blowtorch,Coffee bean sacks,Foraged cedar branches,
Home Clambake,Dutch oven,
,
Chorizo and Eggs,
Chorizo Oil,Blender,
,Large pot,Spider strainer,
Cleaning Crab,
Clambake Illustrated,
Ice Cream Cones,Baking trays (2),Parchment paper,Pastry brush (optional),Cone roller,
Know Your Frozen Treats,
Mint Chocolate Chip Ice Cream,Ice cream maker,
Ice Cream Geekery,
Yard Bird Cocktail,
Burger Buns,
Brioche Burger Buns,Stand mixer,Spray bottle,Dough hook,
Slider Buns,Stand mixer,Dough hook,Nonstick cooking spray,Baking pan,Spray bottle,
Salmon Crudo,Microplane,Speed peeler,Fine-mesh sieve,Digital scale,Chamber vacuum sealer,Mandoline,
Ikura Cones,Mandoline,Ring cutter|comma| 1.5",
,Sous vide setup,Sous vide bags,Blender,Strainer,Chamber vacuum sealer,
Asparagus With Ham and Egg,Sous vide setup,Microwave,Vegetable peeler,Plastic wrap,
Quick & Easy Vegetable Confit,Microwave,Wide-mouth canning jars,
Easiest-Ever Tomato Soup,Microwave,Blender,Sieve #80 (180 m),Mandoline,
Warm Radicchio Salad,Microwave,Blender,
Easiest-Ever Pea Soup,Microwave,Blender,Sieve #80 (180 m),Mandoline,
Bagna Cuda Vegetables,Microwave,Sous vide setup,Whipping siphon,
Bagna Cuda Foam,Sous vide setup,Blender,Whipping siphon|comma| 1 L,N2O cartridges,Sieve #80 (180 m),
Crispy Prosciutto,Microwave,Silica packet (optional),
,Microwave,Wide-mouth canning jars,
Chive Oil,Blender,Sieve #50 or fine-mesh strainer,
Understanding Activa,
Hi-Tech Veggie Burger,
Reconstructed Roast,Tea strainer or other fine-mesh strainer,Plastic wrap,Chamber vacuum sealer,
Fish Roulade,Tweezers,Plastic wrap,Butchers twine,Sous vide setup,
Hi-Tech Mushroom Burger,Blender,Plastic wrap,Butchers twine,Cheesecloth,Sous vide setup,
Piccata Sauce,
Foie Gras Parfait,Food processor,Chemex,Coffee filter,Citrus juicer,Cheesecloth,Strainer,
Pomegranate Gele,Cheesecloth,Citrus juicer,Chemex,Coffee filter,
Steak Tartare,
Fried Tendon Puffs,Pressure cooker,Deep-fryer,Dehydrator,
Avocado Pure,Blender,Fine-mesh sieve,
Potato Chips,Deep-fryer,Mandoline,
Rice Puffs,Blender,Silpats,
Chicken Tartare,
Classic Steak Tartare,
,
Salmon Tartare,
Unreal Quail Egg,High speed centrifuge,Sauce gun,Blender,Tiny scissors,Chemex,Coffee filter,Spherification hemisphere mold,
Blini,Sieve #40 (425 m),Wide-tipped squeeze bottle,Offset spatula,Juicer,Sieve #120 (125 m),Whisk,Blender,Fine-tipped squeeze bottle(s),Disposable piping bag,Piping tip #5 (round),
Buckwheat Blini,Sieve #40 (425 m),Wide-tipped squeeze bottle,Offset spatula,
Beet Fluid Gel,Juicer,Sieve #120 (125 m),Whisk,Blender,Spatula,
Smoked Trout Pure,Sous vide setup,Ziplock-style bag (1 gallon),Blender,Sieve #40 (425 m),
Oyster Mayo,Sous vide setup,Ziplock-style bag (1 gallon),Blender,
Gribiche Pure,Blender,Sieve #80 (180 m),
Chicken Noodle Soup,Coffee filter,Blowtorch,Sous vide setup,Food processor,
Chicken Noodles,Sous vide setup,Food processor,Sieve #20 (850 m),
Chicken Consomm,Blender,Coffee filter,Sieve #200 (75 m),
Basic Meat Cuts,
Canels,Canel molds,Blender,Silicone canel mold,
Canels,Canel molds,Blender,Silicone canel mold,
Selecting Meat for Purchase,
Selecting Fish for Purchase,
Crme Anglaise,Thermocouple thermometer,
Molten Chocolate Souffl,Whisk,Ramekins,
Carotene Butter,Blender,
The Groundhog,Blowtorch,
The Black and Yellow,Cocktail shaker,
Chicken Wings,Pressure cooker,
,Blender,
Chicken and Mushrooms,Pressure cooker,Sous vide setup,Mandoline,
Chicken and Caviar Sauce,Aerolatte,
American Toast,Blender,Strainer,Whipping siphon,
Sweet Spice,Spice grinder,
Cranberry Soda,Sous vide setup,Sous vide bags,Blender,Digital thermometer,Whisk,Chemex,Whipping siphon,CO2 cartridges,
Bread Crumbs,KitchenAid food processor,
Chicken Roulade,Sous vide setup,Plastic wrap,Digital instant-read thermometer,
Traditional Chocolate Ganache,
Lemon-Lime Soda,High-precision digital scale,Juicer,Aerolatte,Whisk,Whipping siphon,CO2 cartridges,
Walnut Pesto,Microplane,KitchenAid food processor,
Beef Steak,
Pomme Pure,Sous vide setup,Sieve #50 (300 m),Sieve #10 (2 mm),
Sous Vide Kale,Sous vide setup,Sous vide bags,Chamber vacuum sealer,
Eggnog Cocktail,Cocktail shaker,
ChefSteps Christmas Tree 001,Scissors,
Lamb Rack,
Banana Bread,Pressure cooker,Blender,Stand mixer with whisk attachment,Kewpie Mayonnaise,
Pressure-Cooked Bananas,Pressure cooker,
Root Beer Syrup,Ziplock-style bags,Sieve #200 (75 m),Coffee filter,Blender,Sous vide setup,Immersion blender,
Cocoa Water,Coffee filter,Chemex,
Basil Oil,Blender,Sieve #50 (300 m),Spatula,
Duck Breast,
Eggnog,Sous vide setup,Blender,
Bitter Orange Juice,Blender,Chemex,Coffee filter,
Vegetable Glaze R&D-V4,Pot,Chefs knife,Heat,Blender,
Hazelnut Ragout Pappardelle,
Fresh Pasta,Stand mixer,Pasta roller,Rolling pin,
,Springform pan|comma| 9"; or two pie pans|comma| 9.5",
Sweet Corn Ganache,Cheesecloth,Coffee filter,Immersion blender,Thermocouple thermometer,Blender,
Troubleshooting,
Worlds Best Whipped Cream,Digital scale,Whisk,Immersion blender,Whipping siphon,N2O cartridges,
,Pressure cooker,Fine-mesh sieve,
,Immersion blender,
Quiche Base,Immersion blender,Springform pan|comma| 9" (23 cm),
Skinny Whip,Whipping siphon,N2O cartridges,
Buttery|comma| Flaky|comma| All-Purpose Pie Crust (Pte Brise),Stand mixer with paddle attachment,
Pressure-Cooked Beef Stock,Pressure cooker,Sieve #120 (125 m),
Pressure-Cooked Blond Chicken Stock,Pressure cooker,Sieve #200 (75 m),Sieve #500 (25 m),
Burrata,Digital scale,Whisk,Blender,Whipping siphon,N2O cartridges,Sous vide setup,
Foie Gras Rocher,Sieve #5 (4 mm),Sieve #10 (2 mm),Hemisphere silicone mold,Blowtorch,Sous vide setup,Heat-conductive container,
Foie Gras Ganache,Sous vide setup,Blender,Sieve #50 (300 m),
Banana Bonbons,Sous vide setup,Liquid nitrogen (optional),0.75" sphere mold,Heavy-duty spice grinder,
Roasted Cocoa Ganache,Blender,Piping tip #6 (plain),Disposable piping bag,
Mulled Wine,
Butchery  Salmon,Scissors (optional),Chefs knife,Deba,
Perfect Hollandaise,Sous vide setup,Ziplock-style bag (1 gallon),Fine-mesh sieve,Whisk,Whipping siphon|comma| 1 L,2 N2O cartridges,
75 C Egg,Sous vide setup,
Banana Juice,Sous vide setup,Blender,Immersion blender,Food processor,
Sous Vide Chickpeas,Digital scale,Strainer,Sous vide setup,Sous vide bags,
Rainbow Chip Frosting,Stand mixer,Piping tip #6 (plain),Disposable piping bag,Food coloring,Microplane,
Egg White Hollandaise,Fine-mesh sieve,Sous vide setup,Ziplock-style bag (1 gallon),Blender,Whipping siphon,2 N2O cartridges,
Chocolate and Mustard Stew,Pressure cooker,
Salmon Pastrami,Smoker,Nonstick cooking spray,
Raspberry Jam,Digital instant-read thermometer,Piping tip #6 (plain),Disposable piping bag,
Audio at ChefSteps (Explicit),
When Life Gives You Paprika,
Dulce de Leche Ganache,Digital instant-read thermometer,Piping tip #6 (plain),Immersion blender,Blender,Disposable piping bag,
Flying Nerds,
Gloves Off Like a Pro Chef,
Gaggle Roaster,
Ten-Minute Cake,Blender,Whipping siphon,2 N2O cartridges,Paper cups|comma| 8 oz,Microwave,
Douglas Fir Daiquiri,Cocktail shaker,Speed peeler,Cocktail strainer,Atomizer (optional),
Carrots and Perfect Yolk,
Hazelnut Nasturtium Crumble,Fine-mesh sieve,
Science of Meringue,
Perfect Yolks,Sous vide setup,Flat-bottomed pan to insert in water bath,
Sous Vide Carrots,Sous vide setup,Sous vide bags,Chamber vacuum sealer,
World's Largest Sous Vide Pastrami,Sous vide setup,Chamber sealer packaging,Whisk,Chamber vacuum sealer,Spice grinder,
Science of Ganache,
Root Beer Float Cryosicle,Ziplock-style bags,Sieve #200 (75 m),Coffee filter,Blender,Sous vide setup,Immersion blender,Whisk,Whipping siphon,CO2 cartridges,Bowl-type or low-form dewar,Soup spoon,
Butchery  Tuna,Chefs knife,
Science of Pectin,
Chickpea Tuna Salad,
Cured Lemon Peel,Sous vide setup,
,Sous vide setup,
BBQ Pork Shoulder,Smoker,Hardwood Charcoal,Oak chips,
Carolina Gold BBQ Sauce,
How to Saber a Champagne Bottle With Writer Neal Stephenson,
Hawaiian Sweet Rolls,Stand mixer,Dutch oven with lid,Digital instant-read thermometer,Dough cutter (optional),
Pastrami Plate,Sous vide setup,Microplane,
Cherry Cola,High-precision digital scale,Whisk,Whipping siphon,CO2 cartridges,
Is Cinnamon Flammable?,
Simple Syrup,Digital scale,
Fruit Minestrone,Microplane,Mandoline,High speed centrifuge,Chamber vacuum sealer,
Crabby Eggs Benedict,Cast iron pan or skillet,Toaster (optional),Basting brush (optional),Sous vide setup,
Hollandaise,Sous vide setup,Ziplock-style bag (1 gallon),Fine-mesh sieve,Whisk,Whipping siphon|comma| 1 L,2 N2O cartridges,
Homemade Slurp-E,Whipping siphon,Glass jar with lid,CO2 cartridges,
Potato Salad,Digital scale,Strainer,Blender,Chamber vacuum sealer,Sous vide setup,Sous vide bags,
Carbonated Byrrhgroni,Whipping siphon,CO2 cartridges,Cocktail glasses,Cocktail stirring glass (optional),Cocktail stirrer,
Dill Pickled Cucumber,
Rib Rub,Spice grinder,
Dry Style Baby Back Ribs,Sous vide setup,Thermocouple thermometer,Smoker,
BBQ Beef Short Ribs,Sous vide setup,Smoker,
Sweet and Sticky BBQ Glaze,
Baked Beans,Pressure cooker,
,Silpat,Mandoline,Spice grinder,
Rich and Moist Cornbread,Blender,Cast iron pan,Small bread tins|comma| 12 (optional),
,
Lemon Mascarpone,Disposable piping bag,Piping tip #6 (plain),Liquid nitrogen (optional),
Dehydrated Olive Oil Cake,Dehydrator,Liquid nitrogen,
Macerated Strawberries,
Creamy Coleslaw,Chamber sealer packaging,Mandoline,Microplane,Box grater,Chamber vacuum sealer,
Red Coleslaw,Mandoline,Box grater,
Honey Butter,Pacojet (optional),Stand mixer,
Strawberry Soda,Whipping siphon,CO2 cartridges,Fine-mesh sieve,
Fresh Juice Soda,Whipping siphon,CO2 cartridges,
Pectin-Free Juice,Coffee filter,High speed centrifuge,Fine-mesh sieve,
PNW Salmon,
ChefSteps Bitters #013,High-precision digital scale,Spice grinder,Whipping siphon,N2O cartridges,Coffee filter,Chemex,
Fir Tree Needle Ash,Spice grinder,Sheet pan,Wire rack,
Ice Shell,Small water balloon,Liquid nitrogen,
Lemon Snow,Blender,Freezer,
Quick-Cured Salmon,
Rich as F*k Biscuits,
Buttermilk Biscuits,
Salmon Katsuobushi,Baking rack,Fridge,
Jellied Beans,
Strawberry-Angostura Sorbet,Blender,Sieve #50 (300 m),Ice cream equipment,
How Knives Cut,
Strawberries and Cream Cryosicle,Whipping siphon,CO2 cartridges,Centrifuge,Bowl-type or low-form dewar,Flat-bowled soup spoon,
Firming Oysters,Sous vide setup,
,Electric food slicer,
Why Package Food?  Keeping Our Meals Healthy,
Celery Juice,Juicer,Sieve #500 (25 m),
Carbonated Celery Gimlet,Whipping siphon,CO2 cartridges,
Fromage Blanc Sorbet,Blender,Ice cream equipment,Sous vide setup,
High Speed Video  Flaming Citrus Oil,
Sous Vide Navy Beans,Sous vide setup,
Making Ice Cream with Dry Ice,Stand mixer,Blender,
Compressed Strawberries,Chamber vacuum sealer,High speed centrifuge,
Strawberry Broth,Refractometer,PH meter,
Centrifuged Strawberry Juice,Blender,High speed centrifuge,Fine-mesh sieve,
Olive Oil Cake,Stand mixer with whisk attachment,Springform pan|comma| 9" (23 cm),
Deep Freezing Makes Things Brittle,
Lingcod and Tentsuyu,
Tentsuyu Broth,
The Leidenfrost Effect,
Fish Stock,Sieve #500 (25 m),Sieve #200 (75 m),
,
Low-Temp Cooking Dungeness Crab,Large pot,Sous vide setup,
Butchery  Lingcod,Fish shears,Chefs knife,
Squeaky Cheese Curd Science,
Pastrami Bites,Fine-tipped squeeze bottle(s),Sous vide setup,
Pumpernickel Crisps,Electric food slicer,Sheet pans|comma| 2,
Quick Cold Brew Coffee,Whipping siphon,N2O cartridges,Coffee filter,Chemex,
English Muffin,Stand mixer,Sifter,Linen couche|comma| 2,Ring mold|comma| 3" diameter,Skillet,Spray bottle,Adjustable rolling pin,
,Sous vide setup,
High Speed Video  Holiday Spice Blend,
Old School Poutine,
Squeaky Cheese Curds,Sous vide setup,Cheesecloth,1/2 hotel pan|comma| perforated,Curd cutter,
How to Get the Air Out,Chamber vacuum sealer,Blowtorch,Sieve #80 (180 m),
Save Time Picking Thyme,
Rocky Road Ice Cream,Liquid nitrogen,
Sphere Magic Spherification Bath,High-precision digital scale,Whisk,
Alginate Spherification Bath,High-precision digital scale,Blender,
Direct Spherification,High-precision digital scale,Spherification syringe,Spherification straining spoon,Spherification dosing tray,
The Science of Spherification,
Frozen Reverse Spherification,High-precision digital scale,Spherification hemisphere mold,Spherification straining spoon,Spherification syringe,Sauce gun,
Reverse Spherification,High-precision digital scale,Spherification straining spoon,Spherification teaspoon,
Thick-Cut French Fries,Sous vide setup,Sous vide bags,Wire rack,Dutch oven or stock pot,Strainer,
Malted Peanuts,Dehydrator,
Egg-Free Vanilla Ice Cream,Sous vide setup,High-precision digital scale,Whisk,Sous vide bags,Chamber vacuum sealer,Blender,
Fish and Chips,Sous vide setup,Sous vide bags,Wire rack,Deep-fryer,Strainer,Whisk,Baking tray,Parchment paper,
New School Poutine,
Dairy-Free Cocoa Gelato,Blender,Pacojet (optional),
Beer Batter,Whisk,
Beef Demi-Glace,
Finding Perfect French Fry Potatoes,
Cheddar Cheese Sauce,Sous vide setup,Blender,
,Sous vide setup,Deep-fryer,Spider strainer,Chamber vacuum sealer,
Beef Gravy,Immersion blender,Sieve #80 (180 m),
Beef Stock,Sous vide setup,
Pine Spheres with Lemon Granita,
Chocolate Mint Almond Custard,
Liquid NitrogenChurned Ice Cream,Stand mixer with paddle attachment,Liquid nitrogen,Blowtorch,
Mint Gele,Blender,Sieve #50 (300 m),
Lemon Granita,
Pine Spheres,High-precision digital scale,Spherification teaspoon,Spherification straining spoon,Juicer,Immersion blender,
Almond Cream Custard,
Chocolate Spheres,High-precision digital scale,Spherification syringe,Spherification straining spoon,Immersion blender,Spherification dosing tray,
Calcium Spherification Bath,Whisk,High-precision digital scale,
,High-precision digital scale,Spherification hemisphere mold,Spherification straining spoon,Spherification syringe,Blender,Juicer,Mandoline,Sauce gun,
,Butchers twine,
Pressure Infusion with Charred Oak,Whipping siphon,N2O cartridges,
Broccoli Pure,Pressure cooker|comma| 8 quart,Blender,Fine-mesh sieve,
Salmon Bites,Sous vide setup,Fine-tipped squeeze bottle(s),Disposable piping bag,
,Sheet pans|comma| 2,
Butchery  John Dory,Fish shears,Fileting knife,
Carrot Cake Assembly,
Dinner Rolls,Stand mixer,Dutch oven with lid,Digital instant-read thermometer,
,Digital scale,
Spumoni,Liquid nitrogen,
Duck Breast|comma| Beet|comma| and Chocolate,Sous vide setup,Disposable piping bag,Vaccum sealer,Two water baths,
,Parchment paper,Gloves,
Pickled Beets,Peeler,Mandoline,Whisk,
Duck Breast 135 F and Duck Skin Crumble,Sous vide setup,Liquid nitrogen,
,Deep-bowled spoons,
The Physics of Blending  Cavitation,
The Physics of Blending  Cutting Food Down to Size,
Oak-Infused Whiskey Sour,Blowtorch,Whipping siphon,N2O cartridges,Cocktail shaker,Cocktail strainer,
Chocolate Turkish Delight,Digital instant-read thermometer,Immersion blender,Heavy-bottomed pot,Fine-mesh sieve,
Sea Foam Powder,Thermocouple thermometer,
Brown Butter Solids,Mini strainer,Food grade silica packs,
Cream Cheese Marshmallow,Stand mixer,Liquid nitrogen,
Flourless Carrot Cake,Pressure cooker,Fine-mesh sieve,Immersion blender,Sous vide setup,Petty knife,Offset spatula,Acetate paper,Ring mold|comma| 3.5" diameter,Silicone baking mat,Plastic disc and plastic container|comma| for cake stand,
Buffalo-Style Chicken Skin,Hibachi grill,Binchotan,Pressure cooker|comma| 8 quart,Skewers,
,
Coffee Butter Steak and Spinach,Sous vide setup,Digital scale,Chinois strainer,
Butter Rum Sherbet,
Coffee Butter,Sous vide setup,Digital scale,Chinois strainer,Ziplock-style bag (1 gallon),
Why Package Food?  Keeping Ingredients Fresh,
Red Cabbage Pure,Sous vide setup,Blender,Sieve #50 (300 m),
Liquid Nitrogen Berry Drops,Liquid nitrogen,Cambro (2 qt),Mortar and pestle,
Half-Candied Blood Orange,Digital scale,Sous vide setup,Sous vide bags,Chamber vacuum sealer,
How Chamber-Style Vacuum Sealers Work,
Churchills Breakfast Cocktail,Cocktail shaker,Cocktail strainer,Blowtorch,
Green Apple Tonic,Juicer,Fine-mesh sieve,
Lemon Foam,Whipping siphon,N2O cartridges,
Pickled Mustard Seed,Strainer,
Vacuum Compression of Plant Foods,Chamber vacuum sealer,Sous vide bags,
,Sous vide setup,Immersion blender,
,Cocktail shaker,Cocktail strainer,Whipping siphon,N2O cartridges,Juicer,Fine-mesh sieve,
Byrrhgroni Cocktail,Whipping siphon,CO2 cartridges,Cocktail glasses,Cocktail stirring glass (optional),Cocktail stirrer,
Simple Banana Custard,Blender,Sous vide setup,Immersion blender,Fine-mesh sieve,
Whole Poached Chicken,Sous vide setup,Chamber vacuum sealer,Fine-mesh sieve,Immersion blender,
,Chefs knife,Slicing knife,Fish shears,Petty knife,Spoon,
,Pressure cooker,Baking sheet,Deep-fryer,Immersion blender,Blender,Cheesecloth,Sous vide setup,Sous vide bags,Liquid nitrogen (optional),
Crispy Pressure-Braised Pork,Pressure cooker|comma| 8 quart,Baking sheet,Deep-fryer,
Fat DuckInspired Ultimate Pork Belly,Blender,Cheesecloth,Sous vide setup,Sous vide bags,
,Butchers twine,Brine injector,Meat hooks,Thermocouple thermometer,Thermocouple probes,
Chilled Tomato Soup,Blender,Chinois strainer,Chamber vacuum sealer,Ziplock-style bag (1 gallon),
Brown Butter Powder,Food processor,Spice grinder,
Spiced Poached Bananas,Sous vide setup,Sous vide bags,Chamber vacuum sealer,Sieve,
Milk Foam,Whipping siphon,N2O cartridges,
Vanilla Wafers,Stand mixer,Silicone baking mat,Disposable piping bag,
Banana Custard,Sieve #80 (180 m),Sous vide setup,Digital scale,Blender,Immersion blender,High speed centrifuge,
Banana Cream Pie,
The Physics of Freezing Liquid Nitrogen in a Vacuum,
Mini Brioche,Stand mixer,Sheet pan,Plastic wrap,Rectangular ring molds (3.25 in x 1.75 in),Digital thermometer,
Green Eggs and Ham,Blender,Ziplock-style bag (1 gallon),Fine-mesh sieve,Microwave,Sous vide setup,
Equilibrium Brining,Digital scale,
Sous Vide Potatoes and Leeks,Sous vide setup,Ziplock-style bag (1 gallon),Digital scale,Chamber vacuum sealer,Chefs knife,Cutting board,
,Chefs knife,Blowtorch,Cutting board,Nonstick pan,Blender,Spatula,
Saffron Broth,Chinois strainer,Cutting board,Chefs knife,Saucepan,
Gigandes Beans|comma| Romesco & Saffron Broth,Chamber vacuum sealer,Ziplock-style bag (1 gallon),Blender,Nonstick pan,Chefs knife,Chinois strainer,Saucepan,
,Sous vide setup,Sous vide bags,Blowtorch,
Pretreatments Prior to Cooking,
How (and When) to Portion Fish,
Presearing for Sous Vide,
Vanilla Bean Ice Cream,Blender,Sous vide setup,
Red Wine Poached Pear,Digital scale,Tea strainer or other fine-mesh strainer,Chamber vacuum sealer,Sous vide setup,
Pomme Rsti,
Weight vs Volume  Accuracy,
What You'll NeedScale,
What You'll NeedThermometer,
Portioning,
Cut Stuff in Slow-Mo!,
Work Clean,
Get Organized,
Preparation Overview,
How to Sharpen a Knife,Sharpening Stones Kit,Long Honing Rod,
The Benefits of Sharp Knives,
Do You Need an Expensive Knife?,
,
Sous Vide Pork Cheek,Sous vide setup,Chamber vacuum sealer,Chamber sealer packaging,
,Digital scale,Mandoline,Chamber vacuum sealer,
,Sous vide setup,Blender,Digital scale,Sieve,Chamber vacuum sealer,
Why Sous Vide?  Consistency,
Why Sous Vide?  Convenience,
Weight vs Volume  Speed,
Cook Sous Vide Tonight: Running Water Method,
Beef Short Ribs Your Way,
Choosing a Scale,
Choosing a Thermometer,
Cook Sous Vide Tonight: Insulated Cooler Method,Insulated cooler,Digital instant-read thermometer,Ziplock-style bag (1 gallon),
Cook Sous Vide Tonight: Stovetop Method,Digital instant-read thermometer,Ziplock-style bag (1 gallon),Binder clip,
Sous Vide Pastrami,Cambro (22 qt),Whisk,Spice grinder,Smoker,Sous vide setup,Chamber sealer packaging,Chamber vacuum sealer,
Simple Sous Vide Vegetables,Sous vide setup,Speed peeler,Sous vide bags,Vacuum packer (or use an improvised strategy),
Simple Sous Vide Packaging,Sous vide setup,Digital scale,Ziplock-style bag (1 gallon),Spice grinder,Cambro (2 qt),Digital timer,Cutting board,Fish pliers,Nonstick pan,
