Not Your Nanas Corned Beef and Cabbage,Flavor-Packed Homemade Corned Beef with Nine-Day Brine,Coriander,Black peppercorns,Yellow mustard seed,Dill seed,Mace,Clove,Chili flake,Red cabbage,Garlic,Champagne vinegar,Mustard|comma| whole grain,Caraway seed,Carrots,Butter,Olive oil,Sugar,Salt,Xanthan gum,Baby potatoes,Canola oil,Parsley,
,Pekin duck,Szechuan peppercorns,Cinnamon sticks,Fennel seed,Star anise,Clove,Hoisin,Kosher salt,Ginger,Garlic,Water,Soy sauce,Maltose syrup,Applewood chips,Canola oil,
17 Foods You Didnt Know You Could Cook Sous Vide,
Perfect Salmon With Herb Oil and a Mushroom-Brussels Sprouts Salad,Salmon,Sugar,Salt,Parsley,Chives,Garlic,Shallots,Olive oil,Chili flakes,Brussels sprouts,English peas,Pea shoots,Buna-shimeji mushrooms,Maitake mushrooms,Lemon juice,Black pepper,Lemon,
Soft|comma| Airy Chinese Steamed Buns: Simplified,Butter,Milk,Active dry yeast,Bread flour,Sugar,Salt,Baking powder,Baking soda,Nonstick spray,
Pork Belly Three Ways,
Stupidly Simple Sous Vide Pork Belly,Pork belly,Aromatics,Salt,Cooking liquid|comma| such as soy sauce or wine,
Crazy-Quick Pressure-Cooked Pork Belly,Pork belly,Cooking liquid,Salt,Black pepper,Seasoning,Aromatics,Oil,
Super-Simple|comma| Oh-So-Tender Braised Pork Belly,Pork belly,Cooking liquid,Salt,Black pepper,Seasoning,Aromatics,
An Uber-Elegant Chilled Tuna Dish You Can Make at Home,Avocado Pure,Tuna,Olive oil,Grapefruit,Water,White wine vinegar,Sugar,Salt,English cucumber,Fennel,Chervil,Ice water,
5 Common Misconceptions About Sous Vide Cooking,
,Beluga lentils,Water,Olive oil,Butter,Squid ink,Salt,Black cod,Homemade Hidden ValleyStyle Ranch Dressing,Shallots,Chervil,Flat-leaf parsley,Belgian endive,Lemon juice,
How to Make a Roux,Fat,Bread flour,
Family Meal: David Kinchs Killer Cajun Gumbo,Black peppercorns,Fennel seed,Chili flakes,Thyme,Coriander,White pepper,Garlic powder,Onion powder,Hungarian paprika,Sweet smoked paprika,Picante paprika,Oysters,Fat DuckInspired Ultimate Pork Belly,Celery,Sweet onion,Green bell pepper,Pork fat,Duck fat,Garlic,Seafood stock,Beef Stock,Chicken stock,Long-grain rice,Green onions,Salt,
Bright-Red Barbecue-Chicken Sauce With Achiote,Tomato paste,Water,Achiote paste,Ketchup,Worcestershire sauce,Apple cider vinegar,Liquid smoke,Wood-smoked salt,
Ultimate Chocolate Cake,Nonstick spray,Cake flour (bleached),Granulated sugar,Dutch-process cocoa powder,Salt,Baking soda,Baking powder,Glycerol monostearate,Buttermilk,Canola oil,Egg,Vanilla extract,Water,Vodka,Powdered sugar,Butter,Milk,Chocolate shavings or sprinkles,
Homemade Hidden ValleyStyle Ranch Dressing,Japanese (Kewpie-Style) Mayo,Sour cream,Chives,Parsley,Dill,Salt,Onion powder,Tarragon,Lemon juice,Garlic powder,Black pepper,
Get Creative With Pixar-Style Ratatouille,Roma tomatoes,Ice water,Zucchini,Yellow zucchini,Japanese eggplant,Sweet onion,Garlic,Red bell pepper,Olive oil,Salt,Black pepper,Rosemary,Thyme,Parsley,Chives,
Tips & Tricks: Perfect Roasted Vegetables,
Sous Vide Steak,Steak,Salt,Black pepper,Olive oil,Bay leaf,Butter,
Amazing Chewy Bagels From Scratch,Water,Bread flour,Active dry yeast,Granulated sugar,Diastatic malt powder,Salt,Nonstick spray,Malt syrup,Baking soda,Black sesame seeds,Dried onion flakes,Maldon flake salt,Black poppy seeds,Sesame seeds,Dried garlic flakes,
,
Ryan & Jaci: A ChefSteps Love Story,
Sticky Toffee Pudding,Medjool dates,Water,Baking soda,Vanilla bean,Room-temperature butter,Granulated sugar,Salt,Eggs,Baking powder,Cake flour (bleached),Dark brown sugar,Heavy whipping cream,Whiskey,Flake salt,
Three Awesome Canned Cranberry Sauce Hacks,
Cant-F***-It-Up Fried Chicken,Chicken,Salt,Frying oil,Black pepper,Pastry flour,Paprika,Onion powder,Garlic powder,Buttermilk,
Tylers Fantastic Fried Chicken Sandwich,Hawaiian Sweet Rolls,Chicken thighs,Jar of dill pickle slices,Japanese (Kewpie-Style) Mayo,Sriracha,Frying oil,Pastry flour,Paprika,Onion powder,Garlic powder,Buttermilk,
Perfect-Every-Time Center-Cut Tenderloin Roast,Beef|comma| center-cut tenderloin,Oil,Butter,Thyme,Rosemary,
Pistachio Macaron Cookie Base,Pistachios,Powdered sugar,Egg white,Granulated sugar,
Smooth & Creamy American-Pistachio Butter,Liquid soy lecithin,Granulated sugar,Roasted pistachios,Nonfat dry milk powder,Kosher salt,Nonhydrogenated vegetable shortening,
Awesome Espresso Hack: How to Make Great Coffee With a Moka Pot,Coffee beans,Water,
An Espresso Martini That Doesnt Suck,Vodka,Coffee,Milk,Espresso,Ice,Simple Syrup,Chocolate bitters,
How to Make Bulletproof Fluffy Yeasted Donuts at Home,Butter,Vegetable oil,Milk,Whole eggs,Dry active yeast,Bread flour,Granulated sugar,Kosher salt,Diastatic malt powder,Nonstick spray,Donut Glaze,Oil for frying,
Old-Fashioned Donuts,Granulated sugar,Butter,Egg yolk,Sour cream,Pastry flour (you can use AP),Baking powder,Kosher salt,Nonstick spray,Donut Glaze,Oil for frying,
Donut Glaze,Milk,Salt,Powdered sugar,Flavorings,
Tips & Tricks: One Steak to Feed Them All,
Umami-Bomb Vegetarian Demi-Glace,Eggplant,Cauliflower,Celery,Carrots,Beets,Shiitake mushroom,Celery root,Broccoli,Onions,Garlic,Tomato paste,Kombu,Olive oil,Water,Xanthan gum,Salt,Pectin,MSG,
Behind the Scenes: Deep-Fryer Frenzy,
Tips & Tricks: This Is Not a Latte,
Smokerless Smoked Pork Shoulder,Molasses,Liquid smoke,Liquid aminos,Cold water,Smoked salt,Brown sugar,Pork shoulder,Prague Powder No. 1,Smoked paprika,Mustard seed,Garlic powder,Onion powder,Monosodium glutamate,
Tips & Tricks: Control Flare-Ups for Better Grilled Meats,
Simple Fruit Crumble With Oatmeal Streusel Topping,Fresh fruit,Granulated sugar,Cornstarch,Lemon juice,Salt,Organic rolled oats,Almond flour,Unsalted butter,Egg yolk,
Tips & Tricks: Three Ways to Peel Garlic,
Tips & Tricks: Fizzy Fruit!,
Tips & Tricks: Get a Killer Crust on Grilled Meats,
Smokerless Smoked Chicken,Cold water,Liquid smoke,Salt,Blackstrap molasses,Liquid aminos,Chicken,
Amazing Ribs With Meathead|comma| Part II: Exploring Indoor Barbecue,
Amazing Ribs With Meathead|comma| Part I: Traditional Barbecue Techniques,
Smokerless Smoked Brisket,Water,Smoked salt,Brown sugar,Liquid smoke,Brisket,Prague Powder No. 1,Molasses,Liquid aminos,Black pepper,Chipotle powder,Mustard powder,Onion powder,Garlic powder,
Tips & Tricks: Season Your Grill so Food Wont Stick,
Homemade Corn Dogs,Oil,Hot dogs,Bread flour,Cornmeal,Salt,Sugar,Baking powder,Egg,Milk,
Tips & Tricks: Freeze Fresh Herbs Into Flavor Nuggets,
Make Your Own Steak Knives!,
,
Behind the Scenes: Waffle Iron Frenzy!,
A Complete Guide to Sous Vide PackagingSafety|comma| Sustainability|comma| and Sourcing,
Easy|comma| Delicious Sous Vide Yogurt,Milk,Live-culture yogurt,
Tips & Tricks: Toasting Buns on the Grill,
Tips & Tricks: Homemade Granita,
Tips & Tricks: Quick|comma| Easy Way to Shuck a Bunch of Oysters,
Tips & Tricks: Best Way to Shuck an Oyster,
Brining & Curing Fish,
,Cold water,Salt,Sugar,Black cod filet,Garlic,Shallot,Soy sauce,Fish sauce,Lime juice|comma| fresh,Scallions,
Dill-Brined Halibut With Farro Salad,Cold water,Salt,Sugar,Dill,Halibut filet,Farro,Water,Marinated sun-dried tomatoes,Castelvetrano olives,Lemon juice,Shallot,Olive oil|comma| extra virgin,Crme frache,Herbs|comma| fresh,
Crispy Whole Trout With Greens and Bacon,Rainbow trout,Salt,Sugar,Sweet onion,Champagne vinegar,Black pepper,Bacon,Mustard|comma| whole grain,Mayonnaise,Olive oil,Canola oil,Bread flour,White wine,Spinach leaves,
Everything-Bagel Salmon,Cold water,Kosher salt,Sugar,Liquid smoke,Salmon filets,House Rub 01,Cream cheese,Dried onion flakes,Dried garlic flakes,Black and white sesame seeds,Bagels,Pickled Onions,Chervil,
Halibut and Thai Green Curry,Salt,Sugar,Water,Halibut steak,Canola oil,Green curry paste,Coconut cream,Coconut milk,Kosher salt,Fish sauce,Lime juice|comma| fresh,Shallot,Cilantro,Mint,Thai basil,Mango,Thai bird chili,
Worlds Best Fish Sticks,Lingcod,Salt,Sodium tripolyphosphate,Panko,Whole egg,Milk,Frying oil,
Tips & Tricks: Best Way to Truss a Chicken,
Soft Serve Ice Cream,Milk,Sugar,Heavy cream,Nonfat dry milk powder,Vanilla extract,Salt,Dry ice,
Tips & Tricks: Dry-Cure for Perfect Fish,
Aerated Green Apple Sorbet,Apples,Ascorbic acid (Vitamin C),Sugar,Glucose syrup,Gelatin,Egg white,Malic acid,
Apartment Ribs,Baby back rib rack,Salt,Molasses,Liquid smoke,Apartment Rib Rub,
Honing,
Know Your Knife,
,
Shave a Friend!,
Warm Carrot Salad With Yogurt|comma| Cilantro|comma| and Mint,Carrots,Olive oil,Mint,Cilantro,Chaat masala,Lime,Greek yogurt,
Tips & Tricks: Deep-Fried Glassy Nuts,
Macarons & Macaroons: Whats the Difference?,
Crispy Yeasted Waffles,Pastry flour,Diastatic malt powder,Sugar,Salt,Baking soda,Active dry yeast,Milk,Butter,Egg,
Light & Fluffy Pancakes,Pastry flour,Baking powder,Malted milk powder,Salt,Sugar,Eggs,Milk,Butter,
How to Pace a Multicourse Dinner,
Course 14: Garden Tea,Lemon verbena,Mint,Carrot tops,Borage blossoms,Water,Honey,
Course 13: Black Forest Glen,Flourless Chocolate Cake,Chocolate Cherry,Cherry Sorbet,Flour,Cornstarch,Sugar,Dutch-process cocoa powder,Kosher salt,Butter,Red ribbon sorrel,
Course 12: Matcha Rice Pudding,Granulated sugar,Salt,Water,Mango,Coconut Cream Fluid Gel,Forbidden rice,Xanthan gum,Lime juice,Matcha Foam,Mint,Edible flowers,
Pancakes vs Waffles,
Course 11: Henna Egg,Fried Egg-White Foam,Coriander seed,Cumin seed,Ajwain,Black peppercorns,Dried chilies,Honey,Tamarind concentrate (sour soup base mix),Orange zest,Kosher salt,Egg yolk,Decorated eggshells,
Course 10: Boeuf Bourguignon,
,Dried hominy,Water,Geoduck,Ice water,Cilantro,Flat-leaf parsley,Watercress,Pickled garlic,Tortillas,Salt,MSG,Lime juice,Fish sauce,
Course 8: Chicken and Dumplings,Pressure-Cooked Blond Chicken Stock,Fastest-Ever Dumplings,Ice water,Celery,Fresh wasabi root,Kosher salt,Chives,Radishes,Pressmeister Sesame and Dill Seed Oil,Dried bonito flakes,
Course 7: Fall Farmer,Bacon,Water,Wrights Applewood Liquid Smoke,Salt,MSG,Heirloom tomatoes,Pectinex Ultra SP-L,Kale,
Course 6: Water and Oil (Nicks Nasti Salad Soup),Nasturtium leaves,Salt,Xanthan gum,Water,Ice,Salt,Sugar,Diver sea scallops,Fried peanuts,Pickled Onions,Palm seeds,Plum,Lime juice|comma| fresh,Argan oil,
Course 5: The Bay,Garden cucumber,Xanthan gum,Ice,Olive oil,Dill,Chervil,Borage blossoms,Buttermilk,Salt,Persian cucumber,Paddlefish caviar,Lava salt,
Course 4: Farm and Garden (Savory Ice Cream Salad),Sugar,Nonfat dry milk powder,Salt,Cream,Glucose syrup,Ice water,Milk,Microgreens,Olive oil,
Course 3: The Field,Whole oats,Butter,Confectioners sugar,Salt,Egg,Argan oil,Isomalt,Pumpkin seed,Sunflower seed,Unsweetened coconut flakes,Dried currants,Black Moroccan olives,Chia seeds,
Course 2: The Picnic,Scallions,Black lava salt,Mini Brioche,Egg,Milk,Black and white sesame seeds,Black poppy seeds,Lava salt,Maldon flake salt,Caraway seed,Ajwain,Cultured butter,
Course 1: The Park,Flat-leaf parsley,Lemon juice,Gelatin,Sugar,Glucose syrup,Egg white,Water,Balsam fir essential oil,
Tasting Menu: Spring,
Green Apple Relish,Granulated sugar,Salt,Xanthan gum,Bragg apple cider vinegar,Pickled Mustard Seed,Green apple,Celery,Shallot,Ice water,Horseradish root|comma| fresh,Chive,
Brie Cheese Fondue,Brie,Milk,Salt,
Baby Root Vegetables,Seasonal baby root vegetables,Buna-shimeji mushrooms,Ice water,Lemon juice,Olive oil,Salt,Black pepper,
Scallion Ash,Scallions,Black lava salt,
Rich and Tender Beef Tongue Fritters,Beef|comma| tongue,Brie Cheese Fondue,Green Apple Relish,Canola oil,Flour,Eggs,Milk,Bread Crumbs,
Beef Shank Two Ways,Beef|comma| shank,Beef Demi-Glace,Gribiche Pure,Herbs|comma| fresh,
Boeuf Bourguignon,Beef|comma| chuck,Beef Demi-Glace,Scallion Ash,Baby Root Vegetables,Black lava salt,
Carnitas Tacos With Mole,Pork shoulder,30-Minute Mole,Tortillas,Garnishes galore,
,Rack of spare ribs,Salt,Granulated sugar,Lime juice|comma| fresh,Gochujang paste,Fish sauce,Garlic,Ginger,Monosodium glutamate,Cornstarch,Szechuan peppercorns,Fried peanuts,Lemongrass,Green onions,Canola oil,Thai basil,
Transforming Tough Cuts,
30-Minute Mole,Water,Butter,Sweet onion,Peanuts,Dark chocolate 70%,Tomato paste,Cinnamon stick,Pumpkin seed,Garlic,Salt,Ancho chili,Pasilla chili,Mulato chili,Guajillo chili,Chipotle meco chili,Chipotle morita chili,Sesame seeds,Cumin,Oregano,MSG,Caraway seed,Thyme,Mace,Clove,
Family Meal: Korean Barbecue,
Japanese (Kewpie-Style) Mayo,Egg yolk,Distilled vinegar,Water,Egg yolk powder,Glucose syrup,Salt,MSG,Liquid soy lecithin,Vegetable oil,
Making the Most of Your Microwave,
Quickest|comma| Easiest Way to Cook Vegetables,Vegetables,
Tips & Tricks: The Best Way to Cook a Scallop,
Shopping Tips: How to Buy Fresh Scallops,
Tips for Soft and Chewy Gluten-Free Cookies,
,Gluten-free rolled oats,Butter,Cream cheese,Light brown sugar,Granulated sugar,Baking soda,Kosher salt,Vanilla extract,Egg yolk,Milk chocolate,
Chocolate Chip Cookies,Butter,Brown sugar,Granulated sugar,Kosher salt,Baking soda,Vanilla extract,Eggs,Pastry flour,Milk chocolate,
Simple Tips for Homemade Ketchup,
Beet Risotto,Large sweet onion,Beets,Lemon juice,Salt,Rice,Olive oil,Onion,Water,Parmesan,
Flavor-Packed Homemade Corned Beef with Nine-Day Brine,Beef|comma| brisket,Coriander,Black pepper,Dry mustard seed,Dill seed,Star anise,Mace,Clove,Chili flake,Salt,Pink salt,Brown sugar,Water,
One Reuben to Rule Them All,
Five Things You Need to Know About Sous Vide,
Tips & Tricks: Swap Cream With Onion Pure for Better|comma| Brighter Flavor,
Family Meal: ChefSteps-Style Biryani,
,
How to Make a Quick Pan Sauce,
The Bitter End Cocktail,Coffee,Noahs Mill whiskey,Maple syrup,Whipped Cream,Bndictine,
Tips & Tricks: How to Mince a Shallot,
Homemade Honey-Glazed Ham,Pork foreshank,Water,Insta Cure No. 1,Salt,Honey,Wrights Applewood Liquid Smoke,
Community Tips on Home Roasting,
Coffee Rub,Coffee beans,Brown sugar,Kosher salt,Star anise,Pink peppercorns,Black peppercorns,
Dark Matter,Coffee beans,Cocoa butter,Granulated sugar,Kosher salt,Liquid soy lecithin,Vanilla bean,
Coffee Bitters,Vodka,Coffee beans,Granulated sugar,
How to Taste,
Getting the Good Stuff,
Coffee Equipment Guide,
Buying Roasted Beans,
Tools for Cooking Sous Vide,
Black Pepper Souffl,Butter,Granulated sugar,Bread flour,Salt,Black peppercorns,Plain whole milk yogurt,Egg yolk,Egg white,Powdered sugar,
Rinsing Coffee Grounds,Coffee beans,
400-Micron Ground Coffee,Coffee beans,
Aeropress,Water,Coffee beans,
Chemex & Other Pour-Overs,Coffee beans,Water,
No-Press French Press,Coffee beans,Water,
Better Control|comma| Better Coffee,
Standing Rib Roast,Standing Rib Roast,Herbs|comma| fresh,Black peppercorns,Maldon flake salt,Egg white,
A Map of Sous Vide Cooking,
Decoding Tough and Tender Cuts,
Pressure Cookers,
Pressure Cookers: The FAQ,
Crme Brle,Egg yolk,Granulated sugar,Salt,Heavy cream,
Crema Catalana,Granulated sugar,Egg yolk,Cornstarch,Salt,Milk,Heavy cream,Orange zest,Lemon zest,Cinnamon stick,Vanilla bean,Anise seed,Ice water,
Flan (Crme Caramel),Granulated sugar,Water,Whole egg,Salt,Egg yolk,Milk,Heavy cream,
Pot de Crme,Egg yolk,Salt,Granulated sugar,Heavy cream,Maple syrup,Maldon flake salt,
Pork Steaks,Pork shoulder,
Fat DuckInspired Ultimate Pork Belly,Water,Salt,Brown sugar,Insta Cure No. 1,Pork belly,
Chicken Liver Pt,Bacon,Onion,Shallots,White port,Madeira,Apple brandy,Chicken liver,Egg,Salt,Insta Cure No. 1,Black pepper,Sweet Spice,Clarified butter,
Crispy Chicken With Broccoli Cheddar Sauce,Chicken legs,Broccoli Cheddar Sauce,Olive oil|comma| extra virgin,
Crispy Chicken Legs,Chicken legs,Oil,Salt,
Broccoli Cheddar Sauce,Broccoli,Sweet onion,White button mushroom,Butter,Salt,Garlic,White wine,Heavy cream,Aged white cheddar,Black pepper,
The ChefSteps Turkey,Turkey Crown,Turkey Roulade,Turkey Gravy,Salt,Herbs|comma| fresh,
Turkey Roulade,Turkey legs,Activa RM,Thyme,Sage,Parsley,Salt,
,Butter,Turkey bones,Onion,Garlic clove,Bread flour,Turkey Stock,Kosher salt,Monosodium glutamate,Black pepper,Sherry vinegar,Lemon juice|comma| fresh,
Turkey Butchery,
Turkey Crown,Turkey crown,Chicken stock,Salt,Black pepper,Herbs|comma| fresh,
Brining Poultry,Water,Salt,
Quick Guide: Thanksgiving Day,
Chicken Breast With Warm Mustard Potato Salad,Sous Vide Chicken Breast,Warm Mustard Potato Salad,
Warm Mustard Potato Salad,Japanese (Kewpie-Style) Mayo,Fingerling Potatoes,Mustard|comma| whole grain,Butter,Vinegar,Black pepper,Salt,Chives,
Sous Vide Chicken Breast,Chicken breast,Oil,Butter,Salt,Black pepper,
The Four Basic Steps of Sous Vide Cooking,
Simple Sous Vide Steak With Red Wine Sauce,Steak,Olive oil,Butter,Salt,Garlic,Thyme,Red wine,Black pepper,
Smashed Potatoes,Fingerling Potato,Water,Salt,Cream,Butter,Black pepper,Chive,
Sous Vide Steak With Red Wine Sauce and Smashed Potatoes,Simple Sous Vide Steak With Red Wine Sauce,Smashed Potatoes,
Espresso Myths|comma| Debunked,
Cook Sous Vide Tonight: What Youll Need,
Salmon With Green Pea Mash,Sous Vide Salmon,Green Pea Mash,Herbs|comma| fresh,
Sous Vide Salmon,Salmon filets,Olive oil,Salt,Black pepper,
Green Pea Mash,Frozen peas,Kosher salt,Water,Butter,Lemon juice,Black pepper,Olive oil|comma| extra virgin,Parsley,Tarragon,Chives,
What Is Sous Vide?,
Why Cook Sous Vide?,
,
Pork Chops|comma| Carrots|comma| and Romesco,Sous Vide Pork Chop,Hazelnut Pistachio Romesco,Caramelized Carrots,Greek yogurt,
,Parmesan,Hazelnuts,Pistachios,Roasted red peppers,Olive oil,Sherry vinegar,Garlic,Parsley,Salt,Smoked paprika,
Sous Vide Pork Chop,Pork chop|comma| 1 inch thick,Oil,
,Carrots,Olive oil,Water,Salt,Lemon juice,
Wall of Fire: A ChefSteps Story,
Espresso: Defined,
Latte Art,
Steaming Milk,
Ordering Espresso,
Pulling a Great Shot,
How to Buy Coffee,
The Espresso Recipe,
Basic Espresso Theory,
Books That Inspire: Plating,
,
Developing a Dish,
Microgreens Directory,
Harvesting & Using Microgreens,
Growing Microgreens,
The ChefSteps Custom Burger Guide,
Homemade Heinz-Style Ketchup,Tomato paste,Glucose syrup,Distilled vinegar,Sugar,Salt,Clove,MSG,Xanthan gum,
Red Onion Jam,Red onion,Olive oil,Red wine,Red wine vinegar,Sugar,Salt,Malic acid,Black pepper,
Au Jus Burger,Brioche Burger Buns,Beef Demi-Glace,Melty Cheese Slices,Caramelized Onions,Japanese (Kewpie-Style) Mayo,Burger Patty,
Melty Cheese Slices,Sharp cheddar cheese,Milk,Sodium citrate,Sodium hexametaphosphate,Salt,Clarified butter,
Beef Burger Patties,Beef|comma| ground,Egg,Black pepper,Salt,
Caramelized Onions,Sweet onion,Butter,Olive oil,Salt,Black pepper,Thyme,Champagne vinegar,Water,
Salmon 104 F,Salmon Mi-Cuit,Pickled Onions,Horseradish Cream,Watercress Pure,Black pepper,Coriander seed|comma| whole,Salt|comma| Maldon flake,Olive oil|comma| extra virgin,
Horseradish Cream,Horseradish root|comma| fresh,Heavy cream,Salt,Xanthan gum,
Watercress Pure,Watercress,Ice water,Salt,Xanthan gum,
Pickled Onions,Water,White wine vinegar,Sugar,Salt,Black pepper,Coriander seed|comma| whole,Red onion|comma| baby,Green onions,
Salmon Mi-Cuit,Water,Salt,Sugar,Salmon loin,Olive oil,Ice water,
Level Up: Sous Vide Presentation,
Grilling Geekery,
Starburst-Style Chewy Candy,Gelatin,Water,Gum arabic,Citric acid,Mandarin oil,Shortening,Lecithin,Powdered sugar,Glucose syrup,Sugar,
Gummy "Bears",Gelatin,Water,Sugar,Sorbitol Powder,Glucose syrup,Tartaric acid,Essential Oil,Cornstarch,
Pte de Fruit,Water,Tartaric acid,Sugar,Pectin,Juice concentrate,Everclear,Sugar,
Licorice,Water,Gelatin,Nonstick spray,Granulated sugar,Anise essential oil,Salt,Blackstrap molasses,Caramel coloring|comma| Durkee,Bread flour,
Wine Gums,Gelatin,Red wine,Sugar,Sorbitol,Glucose syrup,Cornstarch,
Confectionery Geekery,
Kouign-Amann,Croissant Dough,Sugar,Salt,
,Pastry flour,Water,Active dry yeast,Butter,Water,Sugar,Butter,Sugar,Pastry flour,Salt,Pastry flour,
The Egg Calculator,
Wood Selection Guide,
Barbecue Techniques,
Barbecue Geekery: Myth-Busting,
House Rub 01,Salt,Brown sugar,Black peppercorns,Coriander seeds,Garlic,Juniper berries|comma| whole,Chili flake,
Fresh Orange Fluid Gel,Oranges,Fructose,Kelcogel F (low-acyl gellan gum),Citric acid,Salt,Xanthan gum,Water,Ice water,
Orange Creamsicle,Egg-Free Vanilla Ice Cream,Olive Oil Cake,Half-Candied Blood Orange,Fresh Orange Fluid Gel,Tarragon,Black lava salt,
Butternut Parfait,Pine Nut Pure,Mint,Cilantro,Butternut Squash Pure,Buttermilk Fluid Gel,Cilantro,Cured Lemon Peel,Parmesan Cheese,Black lava salt,
Buttermilk Fluid Gel,Cultured lowfat buttermilk,Salt,Sodium citrate,Sodium hexametaphosphate,Low-acyl gellan gum,
The Science of Fluid Gels,
Endive Salad,Fat DuckInspired Ultimate Pork Belly,Soubise Fluid Gel,Bread Crumbs,Belgian endive,Lemon juice,Black pepper,Salt,
Soubise Fluid Gel,Pressure-Cooked Blond Chicken Stock,Sweet onion,Canola oil,Heavy cream 35%,Milk,Thyme,Kelcogel F (low-acyl gellan gum),Salt,Ice water,
Fluid Gels: A Culinary History,
Butternut Squash Pure,Butternut Squash,Xanthan gum,Salt,
Pine Nut Pure,Pine nuts,
Pacific Northwest Clambake,Dungeness crab,Mussels,Clams,Lemons,Potato,Onions,Corn,Lawry's seasoning,
Home Clambake,River rock,Kombu,Wood chips,Clams,Mussels,Chorizo,Maitake mushrooms,Lemons,Dungeness crab,Garlic chives,Spring onion,Lawry's seasoning,Geoduck,Algae|comma| fresh,Seabeans,Chorizo and Eggs,
,
Chorizo and Eggs,Chorizo Oil,Ikura,Garlic chives,
Chorizo Oil,Semi-dry chorizo,Olive oil,
,Geoduck,Ice water,
Cleaning Crab,
Clambake Illustrated,
Ice Cream Cones,
Know Your Frozen Treats,
Mint Chocolate Chip Ice Cream,Vanilla bean seeds,Milk,Heavy cream,Sugar,Xanthan gum,Mint,Egg yolk,Salt,Dark chocolate 70%,
Ice Cream Geekery,
Yard Bird Cocktail,Demerara sugar,Cynar,Zaya Gran Reserva rum,Amaro Montenegro,Cardamom bitters,Angostura bitters,Ice,Lime,
Burger Buns,
Brioche Burger Buns,Egg,Sugar,Milk,Bread machine yeast,Amylase,Bread flour,Butter,Salt,
Slider Buns,Bread flour,Milk,Butter,Sugar,Bread machine yeast,Salt,Amylase,Egg,
Salmon Crudo,Horseradish Cream,Ikura Cones,Lemon Curd,Salmon,Lemon,Olive oil,Ice,Chervil,Tarragon,Dill,Cyprus salt,
Ikura Cones,Champagne vinegar,Water,Sugar,Salt,Yellow beet,Ikura,
,Lemons,Butter,Sugar,Egg yolk,Gelatin,Citric acid,Salt,Ice water,
Asparagus With Ham and Egg,Egg,Asparagus,Salt,Truffle oil,Crispy Prosciutto,
Quick & Easy Vegetable Confit,Fat,Vegetable,
Easiest-Ever Tomato Soup,Chive Oil,Tomato,Garlic,Sweet onion,Tomato paste,Salt,MSG,Xanthan gum,Water,Cream,
Warm Radicchio Salad,Blue cheese,Chive Oil,Hazelnuts,Chives,Radicchio,Olive oil,Salt,Buttermilk,
Easiest-Ever Pea Soup,Onion,Garlic,Frozen peas,Water,Ice,Tarragon,Salt,Ricotta,Lemon zest,Olive oil,
Bagna Cuda Vegetables,Bread Crumbs,Bagna Cuda Foam,Quickest|comma| Easiest Way to Cook Vegetables,
Bagna Cuda Foam,Garlic,Canola oil,Olive oil,Butter,Shallots,Anchovy,Clam juice,White wine,Egg yolk,Salt,
Crispy Prosciutto,Prosciutto,
,Hazelnuts,Salt,Sugar,Kabocha Squash,Butter,Lemon juice,Chives,Ricotta salata,
Chive Oil,Chives,Canola oil,
Understanding Activa,
Hi-Tech Veggie Burger,Black beans,Water,Olive oil,Sodium caseinate,Activa RM,Salt,MSG,
Reconstructed Roast,Beef|comma| rib roast,Activa RM,
Fish Roulade,Fish,Water,Salt,Sugar,Activa RM,
Hi-Tech Mushroom Burger,Mushrooms,Sodium caseinate,Activa RM,Salt,MSG,
Piccata Sauce,White wine,Capers,Olive oil,Butter,Lemon juice,Salt,Black pepper,Parsley,
Foie Gras Parfait,Pickled Mustard Seed,Bread Crumbs,Foie Gras Ganache,Pomegranate Gele,Mustard sprouts,Black salt,
Pomegranate Gele,Pomegranate,Pectinex Ultra SP-L,Sugar,Salt,Malic acid,Gelatin,
Steak Tartare,Fried Tendon Puffs,Beef,Radish,Shallots,Radish sprouts,Olive oil,Black pepper,Salt,Lemon juice,Japanese (Kewpie-Style) Mayo,Paddle fish roe,
Fried Tendon Puffs,Beef tendons,
Avocado Pure,Avocados,Salt,Ascorbic acid (Vitamin C),Sodium bisulfite,Olive oil,
Potato Chips,Potato,Salt,MSG,Canola oil,
Rice Puffs,Rice,Water,Salt,MSG,
Chicken Tartare,Japanese (Kewpie-Style) Mayo,Chicken breast,Picholine olives,Shallot,Chive,Shiso leaves,Ikura,Olive oil,Black pepper,Lemon juice,Salt,
Classic Steak Tartare,Baguette Crisps,Perfect Yolks,Beef,Shallot,Chives,Capers,Cornichons,Mustard,Black pepper,Salt,Lemon juice|comma| fresh,
,Beet,Belgian endive,Treviso,Shallot,Chive,Olive oil,Lemon juice,Salt,Black pepper,Crme frache,Chervil,Bonfire salt,
Salmon Tartare,Baguette Crisps,Japanese (Kewpie-Style) Mayo,Avocado Pure,Salmon,Shallots,Chives,Chervil,Lemon juice,Black peppercorns,Salt,Ikura,
Unreal Quail Egg,Quail eggs,Passionfruit,Water,Lemongrass,Ascorbic acid (Vitamin C),Fructose,Calcium lactate gluconate,Xanthan gum,Fructose,Malic acid,Locust bean gum,Alginate Spherification Bath,
Blini,Buckwheat Blini,Beet Fluid Gel,Crme frache,Chervil,Ikura,Black lava salt,
Buckwheat Blini,Yukon Gold potatoes,Buckwheat flour,Pastry flour,Salt,Baking powder,Crme frache,Egg,
Beet Fluid Gel,Beets,Balsamic vinegar,Kelcogel F (low-acyl gellan gum),Salt,Xanthan gum,Ice water,
Smoked Trout Pure,Japanese (Kewpie-Style) Mayo,Rainbow trout,Ice water,Salt,Liquid smoke,
Oyster Mayo,Oysters,Ice water,Egg yolk,Glucose,Salt,MSG,Liquid soy lecithin,Canola oil,
Gribiche Pure,Japanese (Kewpie-Style) Mayo,Chive,Parsley,Chervil,Ice water,Shallot,Lemon juice,Salt,Himalayan salt,Black pepper,Ultra-Tex 3,
Chicken Noodle Soup,Chicken Noodles,Chicken Consomm,MSG,Tarragon,Rosemary,Bay leaf,Thyme,Salt,Buna-shimeji mushrooms,Bunapi mushrooms,Golden enoki mushrooms,Broccoli,Pearl onions|comma| white,Fine Herbs,
Chicken Noodles,Chicken thighs,Pressure-Cooked Blond Chicken Stock,Activa RM,Salt,Sodium tripolyphosphate,
Chicken Consomm,Chicken breast,Methylcellulose F50,Pressure-Cooked Blond Chicken Stock,
Basic Meat Cuts,
Canels,Milk,Sugar,Bread flour,Egg yolk,Butter,Dark rum,Salt,Butter,
Canels,Milk,Sugar,Bread flour,Egg yolk,Butter,Dark rum,Salt,Butter,
Selecting Meat for Purchase,
Selecting Fish for Purchase,
Crme Anglaise,Vanilla bean,Heavy cream,Milk,Sugar,Egg yolk,Salt,
Molten Chocolate Souffl,Butter,Granulated sugar,Bread flour,Salt,Milk,Dark chocolate 70%,Egg yolk,Egg white,Powdered sugar,
Carotene Butter,Butter,Carrot juice,
The Groundhog,Bulleit Rye,Gran Classico Bitter,Clear Creek Eau de Vie de Poire,Yellow Chartreuse,Pok Pok Som Honey Drinking Vinegar,Scrappys Aromatic Bitters,Water,Lemon,
The Black and Yellow,Sound Spirits Aquavit,Big Gin,Luxardo Maraschino Liqueur,Cocchi Americano,Lemon juice,Egg white,Ice,Lemon,Angostura bitters,
Chicken Wings,Chicken wings,Water,Salt,Cornstarch,Oil for frying,Wing sauce,
,Tillamook extra sharp cheddar,Milk,Salt,Sodium citrate,Sodium hexametaphosphate,Pickled jalapeos,
Chicken and Mushrooms,Chicken thighs,Salt,White button mushroom,Chicken and Caviar Sauce,Thyme,
Chicken and Caviar Sauce,Cream,Chicken fat,Ikura,Salt,Pressure-Cooked Brown Chicken Stock,
American Toast,Fried Egg-White Foam,Sweet Spice,Brioche,Maple syrup,Liquid smoke,Salt,Egg yolk,
Sweet Spice,Star anise,Ginger,Vanilla bean,Black pepper,Cinnamon,Nutmeg,Dried orange peel,
Cranberry Soda,Cranberries,Water,Ice water,Fructose,Malic acid,Salt,Phosphoric acid,Pectinex Ultra SP-L,
Bread Crumbs,Baguette,Olive oil,Salt,
Chicken Roulade,Chicken,Activa RM,Oil for frying,
Traditional Chocolate Ganache,Dark chocolate 70%,Butter,Cream,Sugar,
Lemon-Lime Soda,Lime,Water,Citric acid,Caffeine,Ice water,Fructose,Everclear,Lemon essential oil,Lime essential oil,Phosphoric acid,
Walnut Pesto,Parmesan,Garlic,Walnuts,Cured olive oil,Water,Champagne vinegar,Salt,Black pepper,
Beef Steak,Beef Steak,Cooking oil,
Pomme Pure,Potato,Butter,Milk,Salt,White pepper,
Sous Vide Kale,Kale,Olive oil,Salt,Balsamic vinegar,
Eggnog Cocktail,Eggnog,Rum,Milk,Ice,
ChefSteps Christmas Tree 001,Positive attitude,Picture of Miley,ChefSteps Christmas Tree 001,Christmas lights,Ornaments,Christmas music,Tree stand,
Lamb Rack,Rack of Lamb,
Banana Bread,Pressure-Cooked Bananas,Canola oil,Cake flour (bleached),Egg yolk,Mace,Baking soda,Freeze-dried banana,Brown sugar,Egg white,Salt,
Pressure-Cooked Bananas,Banana,Butter,Sugar,Water,Salt,Baking soda,
Root Beer Syrup,Vanilla bean,Water,Sassafras,Sarsaparilla,Sugar,Xanthan gum,Carrageenan|comma| kappa,Locust bean gum,Honey,Ice water,Caramel coloring|comma| Durkee,Vanilla bean seeds,Wintergreen essential oil,Phosphoric acid,
Cocoa Water,Water,Dutch-process cocoa powder,Fructose,Salt,
Basil Oil,Basil,Canola oil,Sodium bisulfite,
Duck Breast,Duck Breast,
Eggnog,Sugar,Carrageenan|comma| lambda,Guar gum,Rum extract,Nutmeg,Almond extract,Milk,Heavy whipping cream,Egg yolk,Clove,
Bitter Orange Juice,Oranges,Pectinase,Fructose,Citric acid,Phosphoric acid,
Vegetable Glaze R&D-V4,Eggplant,Cauliflower,Celery,Carrots,Beets,Shitake,Celery root,Tomato paste,Broccoli,Onions,Garlic,Oil,Kombu,Nori,Water,Xanthan gum,Salt,MSG,Pectin,
Hazelnut Ragout Pappardelle,Hazelnuts,Marjoram,Olive oil|comma| extra virgin,Salt,Cream,Fresh Pasta,Parmesan,75 C Egg,
Fresh Pasta,Pasta flour,Gluten,Egg,
,Buttery|comma| Flaky|comma| All-Purpose Pie Crust (Pte Brise),Egg,Brown sugar,Corn syrup,Salt,Vanilla bean seed,Bourbon whiskey,Butter,Pecans,
Sweet Corn Ganache,Corn,Water,Amylase,Cream,Butter,
Troubleshooting,
Worlds Best Whipped Cream,Cream,Xanthan gum,Sugar,
,Cooking oil,Chicken bones,Onion,Carrot,Water,Thyme,Bay leaf,
,Buttery|comma| Flaky|comma| All-Purpose Pie Crust (Pte Brise),Quiche Base,Leek,Bacon,Thyme,Gruyre,
Quiche Base,Egg,Milk,Heavy cream,Salt,Black pepper,Nutmeg,
Skinny Whip,Sugar,Salt,Xanthan gum,Milk,Gelatin,Vanilla extract,
Buttery|comma| Flaky|comma| All-Purpose Pie Crust (Pte Brise),Bread flour,Butter,Salt,Ice water,
Pressure-Cooked Beef Stock,Cooking oil,Sweet onion,Garlic,Beef|comma| feet,Beef|comma| ground,Tomato paste,Thyme,Black peppercorns,Water,
Pressure-Cooked Blond Chicken Stock,Water,Chicken,Sweet onion,Carrot,Thyme,Bay leaf,
Burrata,Water,Salt,Mozzarella curd,Milk,Cream,Xanthan gum,Olive oil|comma| extra virgin,
Foie Gras Rocher,Skinned hazelnuts,Foie Gras Ganache,Chocolate|comma| dark,
Foie Gras Ganache,Foie Gras,Salt,Sugar,Insta Cure No. 1,Heavy cream,Gelatin,
Banana Bonbons,Cocoa butter,Chocolate|comma| dark,Freeze-dried banana,Powdered sugar,Bourbon whiskey,Banana Juice,
Roasted Cocoa Ganache,Heavy cream,Dutch-process cocoa powder,Sugar,Butter,Cocoa butter,Salt,Liquid soy lecithin,
Mulled Wine,Red wine,Sweet vermouth,Angostura bitters,Orange peel,Lemon peel,Clove,Green cardamom,Cinnamon sticks,Nutmeg,Star anise,Vanilla bean,Brown sugar,
Butchery  Salmon,Salmon,
Perfect Hollandaise,Champagne vinegar,Shallots,Butter,Egg yolk,Water,Lemon juice,Salt,
75 C Egg,Egg,
Banana Juice,Banana,Amylase,Pectinase,
Sous Vide Chickpeas,Water,Chickpeas,
Rainbow Chip Frosting,Lemon zest,Orange zest,Lime zest,Vanilla bean seeds,Powdered sugar,Salt,Butter,
Egg White Hollandaise,Champagne vinegar,Shallot,Egg white,Butter,Milk,Salt,Citric acid,Carrageenan|comma| lambda,
Chocolate and Mustard Stew,Oil,Beef|comma| oxtail,Beef|comma| chuck,Tomato paste,Water,All-purpose flour,Potato,Carrot,Sweet onion,Bay leaf,Leek,Salt,Black pepper,Cremini mushrooms,Thyme,Mustard|comma| whole grain,Chocolate|comma| dark,Butter,Parsley,
Salmon Pastrami,Water,Brown sugar,Salt,Coriander seed|comma| whole,Yellow mustard seed,Black pepper,Pink peppercorns,Fennel seed|comma| whole,Cinnamon,Juniper berries|comma| whole,Chili flake,Clove,Bay leaf,Salmon,
Raspberry Jam,Raspberries,Sugar,Water,Butter,Malic acid,HM pectin,
Audio at ChefSteps (Explicit),
When Life Gives You Paprika,A Lot of Paprika,
Dulce de Leche Ganache,Whipping cream,Glucose syrup,Sugar,Salt,Butter,Milk,
Flying Nerds,
Gloves Off Like a Pro Chef,
Gaggle Roaster,Whole goose,
Ten-Minute Cake,Milk,Vegetable oil,Egg white,Egg yolk,Sugar,Cake flour (bleached),Kosher salt,
Douglas Fir Daiquiri,Lime,Two-to-one simple syrup,Rum,Clear Creek Douglas Fir Eau de Vie,Vodka,Balsam fir essential oil,Ice cubes,
Carrots and Perfect Yolk,Sous Vide Carrots,Perfect Yolks,Hazelnut Nasturtium Crumble,Salt,Nasturtium leaves & flowers,
Hazelnut Nasturtium Crumble,Hazelnuts,Nasturtium leaves,Hazelnut oil,Maple syrup,Salt,
Science of Meringue,
Perfect Yolks,Egg yolk,Oil,
Sous Vide Carrots,Carrots,Vegetable oil,
World's Largest Sous Vide Pastrami,Beef|comma| forequarter,Water,Brown sugar,Salt,Insta Cure No. 1,Black pepper,Coriander seed|comma| whole,Yellow mustard seed,Garlic,Juniper berries|comma| whole,Pink peppercorns,Chili flake,Fennel seed|comma| whole,Cinnamon,Red Arrow liquid smoke,Clove,Bay leaf,
Science of Ganache,
Root Beer Float Cryosicle,Root Beer Syrup,Heavy cream,Ice water,
Butchery  Tuna,Tuna,
Science of Pectin,
Chickpea Tuna Salad,Confit Albacore Tuna,Cured Lemon Peel,Chickpeas,Parsley,Oil-cured black olives,Lemon juice,Cured olive oil,Salt,Sweet smoked paprika,ChefSteps Aoli,
Cured Lemon Peel,Water,Lemon peel,Salt,Sugar,
,Water,Salt,Sugar,Albacore tuna loin,Olive oil|comma| extra virgin,Lemon peel,
BBQ Pork Shoulder,Pork butt,Rib Rub,
Carolina Gold BBQ Sauce,Dijon mustard,Distilled vinegar,Cider vinegar,Lea &amp; Perrins Worcestershire sauce,Salt,Cayenne|comma| powder,
How to Saber a Champagne Bottle With Writer Neal Stephenson,
Hawaiian Sweet Rolls,Milk,Butter,Brown sugar,Egg,Active dry yeast,Bread flour,Diastatic malt powder,Salt,Orange essential oil,Lemon essential oil,Honey,
Pastrami Plate,Sous Vide Pastrami,Pickled Mustard Seed,Red Cabbage Pure,Shaved Pumpernickel,Red ribbon sorrel,Wasabi,
Cherry Cola,Everclear,Lemon essential oil,Orange essential oil,Neroli essential oil,Cinnamon essential oil,Nutmeg essential oil,Coriander essential oil,Fructose,Dark cherry concentrate,Water,Lime juice,Caramel coloring|comma| Durkee,Phosphoric acid,Citric acid,Vanilla extract,Caffeine,Ice water,
Is Cinnamon Flammable?,
Simple Syrup,Sugar,Water,Glucose syrup,
Fruit Minestrone,Fromage Blanc Sorbet,Jellied Beans,Strawberry Broth,Compressed Strawberries,Liquid Nitrogen Berry Drops,Simple Syrup,Rhubarb,Celery,Cucumber,Freeze-dried strawberries,
Crabby Eggs Benedict,English Muffin,Low-Temp Cooking Dungeness Crab,Hollandaise,Egg,Butter,Dill,
Hollandaise,Champagne vinegar,Shallots,Butter,Egg yolk,Water,Lemon juice,Salt,
Homemade Slurp-E,
Potato Salad,Pickled Mustard Seed,Japanese (Kewpie-Style) Mayo,Pickled Onions,Dill Pickled Cucumber,Yukon Gold potatoes,Water,Salt,Ice water,Egg,Celery,Chive,Celery leaf,Celery seed,
Carbonated Byrrhgroni,Haymans Old Tom gin,Punt e Mes,Campari,Byrrh,Regans Orange Bitters No. 6,Large ice cubes,Lemon peel,
Dill Pickled Cucumber,Water,Champagne vinegar,Sugar,Dill,Salt,Cucumber,
Rib Rub,Salt,Black pepper,Yellow mustard seed,Sweet smoked paprika,Brown sugar,Celery seed,Cumin,Mace,Monosodium glutamate,
Dry Style Baby Back Ribs,Rib Rub,Baby back rib rack,Salt,
BBQ Beef Short Ribs,Sweet and Sticky BBQ Glaze,Beef|comma| short ribs,
Sweet and Sticky BBQ Glaze,Heinz ketchup,Tomato paste,Whiskey,Bragg apple cider vinegar,Distilled vinegar,Lea &amp; Perrins Worcestershire sauce,Molasses,Salt,Celery seed,Black pepper,Cayenne pepper,
Baked Beans,Navy beans|comma| dry,Water,Tomato paste,Molasses,Brown sugar,Salt,Garlic,Lea &amp; Perrins Worcestershire sauce,Colmans mustard powder,Baking soda,Black pepper,Sweet onion,Bacon,Bragg apple cider vinegar,
,Onions,Garlic,Salt|comma| Bonfire,Black pepper,Yellow mustard seed,Pimentn de la Vera,Celery seed,Cumin,Mace,Monosodium glutamate,
Rich and Moist Cornbread,Butter,Frozen corn,Heavy cream,Milk,Egg,Cake flour (bleached),Isomalt,Cornmeal,Sugar,Salt,Baking powder,Baking soda,
,Macerated Strawberries,Lemon Mascarpone,Dehydrated Olive Oil Cake,Strawberry-Angostura Sorbet,
Lemon Mascarpone,Mascarpone,Sugar,Salt,Lemon essential oil,
Dehydrated Olive Oil Cake,Olive Oil Cake,Liquid nitrogen,
Macerated Strawberries,Strawberries,Water,Sugar,Malic acid,
Creamy Coleslaw,Raisins,Water,Savoy cabbage,Sweet onion,Carrot,Japanese (Kewpie-Style) Mayo,Distilled vinegar,Horseradish root|comma| fresh,Celery seed,Salt,Black pepper,
Red Coleslaw,Red cabbage,Sweet onion,Chive,Bragg apple cider vinegar,Pickled Mustard Seed,Sugar,Celery seed,Carrot,Salt,Black pepper,
Honey Butter,Butter,Salt,Honey,
Strawberry Soda,Centrifuged Strawberry Juice,Pectinase,Malic acid,Phosphoric acid,Ice,Fructose,Salt,
Fresh Juice Soda,Pectin-Free Juice,Ice,Malic acid,Phosphoric acid,Fructose,Salt,
Pectin-Free Juice,Fresh juice,Pectinase,
PNW Salmon,Salmon Katsuobushi,Fir Tree Needle Ash,Ice Shell,Lemon Snow,Pine Spheres,Quick-Cured Salmon,Red ribbon sorrel,Salt,
ChefSteps Bitters #013,Orange peel,Lime peel,Vanilla bean,Gentian root,Tasmanian peppercorn,Green cardamom,Clove,Vodka,Muscovado sugar,Birch bark,Celery seed,Anise seed,
Fir Tree Needle Ash,Douglas fir branches,
Ice Shell,Water,
Lemon Snow,Lemon Granita,
Quick-Cured Salmon,Water,Salt,Sugar,Salmon,Lemon juice,
Rich as F*k Biscuits,White Lily self-rising flour,Sugar,Baking powder,Salt,Butter,Heavy cream,Egg,Water,
Buttermilk Biscuits,White Lily self-rising flour,Baking powder,Salt,Sugar,Butter,Buttermilk,Egg,Water,
Salmon Katsuobushi,Salmon loin,Water,Salt,Sugar,
Jellied Beans,Sucrose,Water,Glucose syrup,Sous Vide Navy Beans,
Strawberry-Angostura Sorbet,Strawberries,Fructose,Angostura bitters,Malic acid,
How Knives Cut,
Strawberries and Cream Cryosicle,Strawberry Broth,Heavy cream,Sugar,
Firming Oysters,Oysters,
,Pumpernickel bread,
Why Package Food?  Keeping Our Meals Healthy,
Celery Juice,Celery,Sodium bisulfite,
Carbonated Celery Gimlet,Ice,London dry gin,Celery Juice,Tonic syrup,Lemon juice,
Fromage Blanc Sorbet,Milk,Fromage blanc,Glucose syrup,Sugar,Salt,Locust bean gum,
High Speed Video  Flaming Citrus Oil,
Sous Vide Navy Beans,Dry navy beans,Water,Salt,
Making Ice Cream with Dry Ice,Dry ice,Any ice cream base,
Compressed Strawberries,Strawberries,Strawberry Broth,
Strawberry Broth,Centrifuged Strawberry Juice,Fructose,Malic acid,
Centrifuged Strawberry Juice,Strawberries,
Olive Oil Cake,Sugar,Egg yolk,Lemon juice,Vanilla bean seeds,Lemon zest,Cake flour (bleached),Olive oil|comma| extra virgin,Egg white,Salt,
Deep Freezing Makes Things Brittle,
Lingcod and Tentsuyu,Tentsuyu Broth,Lingcod,Green onions,King oyster mushrooms,Rice noodle,Dark sesame oil,
Tentsuyu Broth,Fish Stock,Mirin rice wine,Soy sauce,Gelatin,Kombu,MSG,Salt,Bonito flakes,
The Leidenfrost Effect,
Fish Stock,Water,Fish head,Fish carcass,Green onions,Sweet onion,Kombu,
,Japanese (Kewpie-Style) Mayo,Sweet onion,Shallots,Celery,Cornichons,Salt,Lemon juice,
Low-Temp Cooking Dungeness Crab,Dungeness crab,
Butchery  Lingcod,
Squeaky Cheese Curd Science,
Pastrami Bites,Sous Vide Pastrami,Red Cabbage Pure,Pickled Mustard Seed,Pumpernickel Crisps,Pearl onion|comma| red,Pickling liquid,Salt|comma| Maldon flake,Red ribbon sorrel,
Pumpernickel Crisps,Pumpernickel bread,
Quick Cold Brew Coffee,Coffee beans,Water,
English Muffin,Instant yeast,Sugar,Milk,Bread flour,Lactic acid,Salt,Baking powder,Water,Nonstick spray,
,Vegetable oil,Thyme,
High Speed Video  Holiday Spice Blend,
Old School Poutine,Thin-Cut French Fries,Beef Gravy,Squeaky Cheese Curds,
Squeaky Cheese Curds,Milk,Water,Calcium chloride,Rennet tablets,R-707 mesophilic homofermentative culture,Salt,
How to Get the Air Out,
Save Time Picking Thyme,Thyme,
Rocky Road Ice Cream,Dairy-Free Cocoa Gelato,Egg-Free Vanilla Ice Cream,Chocolate Turkish Delight,Malted Peanuts,Cream Cheese Marshmallow,
Sphere Magic Spherification Bath,Distilled water,Sphere Magic,
Alginate Spherification Bath,Distilled water,Sodium Alginate,
Direct Spherification,Flavorful liquid,Sphere Magic,Calcium Spherification Bath,
The Science of Spherification,
Frozen Reverse Spherification,Flavorful liquid,Calcium lactate gluconate,Sphere Magic Spherification Bath,
Reverse Spherification,Flavorful liquid,Calcium lactate gluconate,Sphere Magic Spherification Bath,
Thick-Cut French Fries,Russet potatoes,Water,Salt,Glucose syrup,Baking soda,Oil,Salt,Black pepper,
Malted Peanuts,Peanuts,Malted milk powder,Sugar,Salt,Egg white,
Egg-Free Vanilla Ice Cream,Sugar,Nonfat dry milk powder,Locust bean gum,Xanthan gum,Carrageenan|comma| kappa,Milk,Heavy cream,Ice water,Vanilla bean,
Fish and Chips,Thick-Cut French Fries,Water,Methylcellulose F50,Ice water,Beer Batter,Salt,Sugar,Cod,Oil for frying,Cake flour (bleached),Lemon,
New School Poutine,Beef Demi-Glace,Cheddar Cheese Sauce,Thin-Cut French Fries,
Dairy-Free Cocoa Gelato,Dutch-process cocoa powder,Water,Sugar,Cocoa butter,Salt,Carrageenan|comma| lambda,Locust bean gum,
Beer Batter,Beer,Vodka|comma| 40% ABV,Cake flour (bleached),Salt,Baking soda,
Beef Demi-Glace,Red wine,Beef Stock,Glucose syrup,Salt,MSG,
Finding Perfect French Fry Potatoes,Water,Salt,Russet potatoes,
Cheddar Cheese Sauce,Emmenthal,Aged white cheddar,Milk,Sodium citrate,Salt,Sodium hexametaphosphate,
,Russet potatoes,Water,Salt,Glucose syrup,Baking soda,Oil for frying,Salt,Black pepper,
Beef Gravy,Beef fat,All-purpose flour,Beef Stock,Sour cream,MSG,Salt,
Beef Stock,Beef|comma| feet,Beef bones,Tomato paste,Sweet onion,Garlic,Beef|comma| ground,Carrot,Black pepper,Thyme,Bay leaf,Water,
Pine Spheres with Lemon Granita,Lemon Granita,Pine Spheres,
Chocolate Mint Almond Custard,Chocolate Spheres,Almond Cream Custard,Mint Gele,
Liquid NitrogenChurned Ice Cream,Any ice cream base,
Mint Gele,Gelatin,Mint,Water,Sugar,
Lemon Granita,Gelatin,Water,Sugar,Lemon juice,
Pine Spheres,Parsley,Water,Sugar,Balsam fir essential oil,Calcium lactate gluconate,Xanthan gum,Sphere Magic Spherification Bath,
Almond Cream Custard,Sugar,Carrageenan|comma| iota,Carrageenan|comma| kappa,Heavy cream,Almond extract,
Chocolate Spheres,Water,Sphere Magic,Sodium citrate,Sugar,Dutch-process cocoa powder,Calcium Spherification Bath,
Calcium Spherification Bath,Water,Calcium chloride,
,Sphere Magic Spherification Bath,Goat cheese,Beets,Balsamic vinegar,Salt,Calcium lactate gluconate,Xanthan gum,Olive oil|comma| extra virgin,Rosemary,Olive oil|comma| extra virgin,
,Chicken,
Pressure Infusion with Charred Oak,Flavorful solids,Liquid,
Broccoli Pure,Broccoli,Butter,Baking soda,English cheddar,Salt,
Salmon Bites,Salmon 104 F (Classic),Horseradish Cream,Watercress Pure,Baguette Crisps,Pickling liquid,Pearl onion,Red onion,Coriander seed|comma| whole,Black pepper,Salt|comma| Maldon flake,Curly cress,
,Baguette,
Butchery  John Dory,
Carrot Cake Assembly,Cream Cheese Marshmallow,Sea Foam Powder,Butter Rum Sherbet,Flourless Carrot Cake,
Dinner Rolls,Milk,Brown sugar,Butter,Egg,Active dry yeast,Bread flour,Salt,
,Citrus,Water,Pectinex Ultra SP-L,
Spumoni,Dairy-Free Pistachio Gelato,Chocolate Turkish Delight,Amarena cherries,
Duck Breast|comma| Beet|comma| and Chocolate,Pickled Beets,Roasted Beets,Duck Breast 135 F and Duck Skin Crumble,Chocolate|comma| dark,Beet blush,Tropical spinach,
,Beets,Salt|comma| Maldon flake,
Pickled Beets,Beets,Champagne vinegar,Water,Sugar,Salt,
Duck Breast 135 F and Duck Skin Crumble,Duck breast|comma| Mallard,Olive oil|comma| extra virgin,Thyme,Salt|comma| Maldon flake,Thyme,
,
The Physics of Blending  Cavitation,
The Physics of Blending  Cutting Food Down to Size,
Oak-Infused Whiskey Sour,Michters Small Batch Bourbon Whiskey,Lemon juice,Maple syrup B grade,Egg white,Angostura bitters,Oak chips,Large ice cube,
Chocolate Turkish Delight,Sugar,Dutch-process cocoa powder,Cornstarch,LM pectin,Water,Glucose syrup,Powdered sugar,Nonstick spray,
Sea Foam Powder,Brown Butter Solids,Sugar,Water,Distilled vinegar,Salt,Baking soda,Pecans,N-Zorbit M - Tapioca Maltodextrin,Brown butter,
Brown Butter Solids,Butter,Nonfat dry milk powder,
Cream Cheese Marshmallow,Gelatin,Cream cheese,Egg white,Salt,Water,Sugar,
Flourless Carrot Cake,Carrot,Butter,Milk,Cream cheese,Sugar,Salt,Baking soda,Dark rum,Raisins,Vanilla bean seed,Cinnamon,Green cardamom,Mace|comma| powder,Carrageenan|comma| iota,Carrageenan|comma| kappa,Water,Carrot,
Buffalo-Style Chicken Skin,Chicken skin,Water,Frank's RedHot Buffalo Wings Sauce,Point Reyes Original Blue cheese,Celery leaf,Salt|comma| Maldon flake,
,Water,Sugar,Salt,Locust bean gum,Carrageenan|comma| lambda,Polysorbate 80,Pistachio paste,Pistachio oil,
Coffee Butter Steak and Spinach,Beef|comma| strip steak,Spinach leaves,Coffee Butter,Red ribbon sorrel,Salt,
Butter Rum Sherbet,Sugar,Locust bean gum,Carrageenan|comma| lambda,Milk,Polysorbate 80,Butter,Nonfat dry milk powder,Dextrose,Glucose syrup,Heavy cream,Dark rum,
Coffee Butter,Coffee beans,Butter,
Why Package Food?  Keeping Ingredients Fresh,
Red Cabbage Pure,Red cabbage,Red wine,Champagne vinegar,Dijon mustard,Kosher salt,Black pepper,Caraway seed,Xanthan gum,
Liquid Nitrogen Berry Drops,Raspberries,
Half-Candied Blood Orange,Sugar,Water,Ice water,Blood orange,Salt,
How Chamber-Style Vacuum Sealers Work,
Churchills Breakfast Cocktail,Michter's Straight Rye,Cold-brew coffee,Cinnamon,Large ice cube,Maple syrup B grade,Angostura bitters,
Green Apple Tonic,Apples,Ascorbic acid (Vitamin C),Tonic syrup,Sugar,Malic acid,
Lemon Foam,Water,Sugar,Gelatin,Egg white,Lemon juice,
Pickled Mustard Seed,Champagne vinegar,Water,Sugar,Salt,Yellow mustard seed,
Vacuum Compression of Plant Foods,
,John Dory filet,Green leaf lettuce,Milk,Butter,Marcona almonds,Maitake mushrooms,Salt,Olive oil|comma| extra virgin,
,Haymans Old Tom gin,Green Apple Tonic,Lemon Foam,
Byrrhgroni Cocktail,Haymans Old Tom gin,Punt e Mes,Campari,Byrrh,Regans Orange Bitters No. 6,Large ice cubes,Lemon peel,
Simple Banana Custard,Banana,Sugar,Butter,Salt,Egg yolk,Heavy cream,
Whole Poached Chicken,Chicken stock,Baby potatoes,Cipollini onions,Garlic,Carrot,Chicken,Cremini mushrooms,Leeks,Thyme,Sage,Dijon mustard,Salt,Black pepper,Butter,Parsley,Olive oil|comma| extra virgin,
,
,Crispy Pressure-Braised Pork,Achiote paste,Chipotle|comma| ground,Fat DuckInspired Ultimate Pork Belly,Semi-dry chorizo,Peanuts,Neutral oil,Salt,Aleppo pepper|comma| coarse ground,Szechuan peppercorns,Green onions,Radishes,Limes,Tortillas,
Crispy Pressure-Braised Pork,Pork shoulder,Neutral oil,Salt|comma| Bonfire,
Fat DuckInspired Ultimate Pork Belly,Coriander seed|comma| whole,Orange peel,Lemon peel,Garlic,Star anise,Allspice,Clove,Juniper berries|comma| whole,Thyme,Rosemary,Bay leaf,Salt,Insta Cure No. 1,Hot water,Pork belly,Water,
,Chicken,Salt,Water,
Chilled Tomato Soup,Tomato,Basil,Olive oil|comma| extra virgin,Black pepper,Salt,Garlic,Shallots,Canola oil,
Brown Butter Powder,Butter,N-Zorbit M - Tapioca Maltodextrin,Powdered sugar,Salt,
Spiced Poached Bananas,Banana,Butter,Dark rum,Sugar,Salt,Raisins,Mace|comma| microplaned,Green cardamom,Cinnamon,
Milk Foam,Milk,Sugar,Glucose syrup,Egg white,Silver gelatin|comma| 160 bloom,
Vanilla Wafers,Butter,Sugar,Vanilla bean seeds,Salt,Egg white,Pastry flour,Baking powder,
Banana Custard,Banana,Sugar,Salt,Gelatin,Egg yolk,Banana water,
Banana Cream Pie,Banana Custard,Milk Foam,Vanilla Wafers,Brown Butter Powder,Spiced Poached Bananas,
The Physics of Freezing Liquid Nitrogen in a Vacuum,
Mini Brioche,Bread flour,Egg,Sugar,Milk,Yeast,Butter,Salt,Oil,
Green Eggs and Ham,Duck egg,Ham|comma| fresh,Peas|comma| IQF,
Equilibrium Brining,
Sous Vide Potatoes and Leeks,Waxy potatoes,Leeks,Olive oil|comma| extra virgin,Salt,Marjoram,
,Garlic,Olive oil|comma| extra virgin,Red bell pepper,Skinned hazelnuts,Canned tomato,Salt,Sherry vinegar,Smoked paprika,Hazelnut oil,
Saffron Broth,Garlic,Shallots,Lemon zest,Marjoram,Salt,Saffron,Lemon juice,Dry white wine,Water,
Gigandes Beans|comma| Romesco & Saffron Broth,Gigandes beans|comma| dry,Sous vide leeks,Sous vide waxy potatoes,Romesco,Saffron Broth,Vegetable oil,Olive oil|comma| extra virgin,Salt|comma| Maldon flake,Tarragon,
,Rapini,Garlic,Olive oil|comma| extra virgin,Black pepper,Salt,Champagne vinegar,
Pretreatments Prior to Cooking,
How (and When) to Portion Fish,
Presearing for Sous Vide,
Vanilla Bean Ice Cream,Milk,Heavy cream,Egg yolk,Sugar,Vanilla bean seeds,
Red Wine Poached Pear,Red wine,Sugar,Cinnamon,Nutmeg,Mace|comma| whole,Clove,Allspice,Pear,
Pomme Rsti,Yukon Gold potatoes,Butter,Salt,Crme frache,Chive,Salt|comma| Maldon flake,Black pepper,
Weight vs Volume  Accuracy,
What You'll NeedScale,
What You'll NeedThermometer,
Portioning,
Cut Stuff in Slow-Mo!,
Work Clean,
Get Organized,
Preparation Overview,
How to Sharpen a Knife,
The Benefits of Sharp Knives,
Do You Need an Expensive Knife?,
,Sous Vide Pork Cheek,Celery Root Pure,Pickled Apple Slices,Salt,Chive,
Sous Vide Pork Cheek,Pork cheeks,
,Apples,Water,White wine vinegar,Sugar,Salt,Black pepper,Coriander seed|comma| whole,
,Celery root,Heavy cream,Butter,Lemon juice,Salt,
Why Sous Vide?  Consistency,
Why Sous Vide?  Convenience,
Weight vs Volume  Speed,
Cook Sous Vide Tonight: Running Water Method,
Beef Short Ribs Your Way,
Choosing a Scale,
Choosing a Thermometer,
Cook Sous Vide Tonight: Insulated Cooler Method,
Cook Sous Vide Tonight: Stovetop Method,
Sous Vide Pastrami,Beef|comma| short ribs,Water,Brown sugar,Salt,Insta Cure No. 1,Black pepper,Coriander seed|comma| whole,Yellow mustard seed,Pink peppercorns,Fennel seed,Cinnamon,Chili flake,Clove,Bay leaf,Garlic powder,Juniper berries,
Simple Sous Vide Vegetables,Asparagus,Carrot,Olive oil,Salt,
Simple Sous Vide Packaging,Salmon loin,Neutral oil,Butter,Coriander seed|comma| whole,Olive oil|comma| extra virgin,Salt|comma| Maldon flake,Black pepper,
